TAK
14715
49 98 97
49 99 97
2 3 4
2 3 5
1 2 1
1 3 1
1 3 2
1 3 3
2 2 5
2 1 5
1 3 4
1 3 5
2 1 4
2 1 3
1 3 6
1 3 7
1 3 8
1 3 9
1 3 10
1 3 11
1 3 12
1 3 13
1 3 14
1 3 15
1 3 16
1 3 17
1 3 18
1 3 19
1 3 20
1 3 21
1 3 22
1 3 23
1 3 24
1 3 25
1 3 26
1 3 27
1 3 28
1 3 29
1 3 30
1 3 31
1 3 32
1 3 33
1 3 34
1 3 35
1 3 36
1 3 37
1 3 38
1 3 39
1 3 40
1 3 41
1 3 42
1 3 43
1 3 44
1 3 45
1 3 46
1 3 47
1 3 48
1 3 49
1 3 50
1 3 51
1 3 52
1 3 53
1 3 54
1 3 55
1 3 56
1 3 57
1 3 58
1 3 59
1 3 60
1 3 61
1 3 62
1 3 63
1 3 64
1 3 65
1 3 66
1 3 67
1 3 68
1 3 69
1 3 70
1 3 71
1 3 72
1 3 73
1 3 74
1 3 75
1 3 76
1 3 77
1 3 78
1 3 79
1 3 80
1 3 81
1 3 82
1 3 83
1 3 84
1 3 85
1 3 86
1 3 87
1 3 88
1 3 89
1 3 90
1 3 91
1 3 92
1 3 93
1 3 94
1 3 95
1 3 96
1 3 97
1 3 98
1 3 99
1 4 99
1 5 99
1 6 99
1 7 99
1 8 99
1 9 99
1 10 99
1 11 99
1 12 99
1 13 99
1 14 99
1 15 99
1 16 99
1 17 99
1 18 99
1 19 99
1 20 99
1 21 99
1 22 99
1 23 99
1 24 99
1 25 99
1 26 99
1 27 99
1 28 99
1 29 99
1 30 99
1 31 99
1 32 99
1 33 99
1 34 99
1 35 99
1 36 99
1 37 99
1 38 99
1 39 99
1 40 99
1 41 99
1 42 99
1 43 99
1 44 99
1 45 99
1 46 99
1 47 99
1 48 99
1 49 99
1 50 99
1 51 99
1 52 99
1 53 99
1 54 99
1 55 99
1 56 99
1 57 99
1 58 99
1 59 99
1 60 99
1 61 99
1 62 99
1 63 99
1 64 99
1 65 99
1 66 99
1 67 99
1 68 99
1 69 99
1 70 99
1 71 99
1 72 99
1 73 99
1 74 99
1 75 99
1 76 99
1 77 99
1 78 99
1 79 99
1 80 99
1 81 99
1 82 99
1 83 99
1 84 99
1 85 99
1 86 99
1 87 99
1 88 99
1 89 99
1 90 99
1 91 99
1 92 99
1 93 99
1 94 99
1 95 99
1 96 99
1 97 99
49 98 97
49 97 97
50 99 98
50 99 97
1 98 99
1 99 99
49 96 97
49 95 97
48 96 95
48 97 95
48 96 95
48 95 95
50 99 96
50 99 95
50 98 95
50 97 95
47 93 92
47 93 91
49 94 97
49 93 97
2 2 3
2 3 3
2 3 4
2 3 5
2 3 6
2 3 7
2 3 8
2 3 9
2 3 10
2 3 11
2 3 12
2 3 13
2 3 14
2 3 15
2 3 16
2 3 17
2 3 18
2 3 19
2 3 20
2 3 21
2 3 22
2 3 23
2 3 24
2 3 25
2 3 26
2 3 27
2 3 28
2 3 29
2 3 30
2 3 31
2 3 32
2 3 33
2 3 34
2 3 35
2 3 36
2 3 37
2 3 38
2 3 39
2 3 40
2 3 41
2 3 42
2 3 43
2 3 44
2 3 45
2 3 46
2 3 47
2 3 48
2 3 49
2 3 50
2 3 51
2 3 52
2 3 53
2 3 54
2 3 55
2 3 56
2 3 57
2 3 58
2 3 59
2 3 60
2 3 61
2 3 62
2 3 63
2 3 64
2 3 65
2 3 66
2 3 67
2 3 68
2 3 69
2 3 70
2 3 71
2 3 72
2 3 73
2 3 74
2 3 75
2 3 76
2 3 77
2 3 78
2 3 79
2 3 80
2 3 81
2 3 82
2 3 83
2 3 84
2 3 85
2 3 86
2 3 87
2 3 88
2 3 89
2 3 90
2 3 91
2 3 92
2 3 93
2 3 94
2 3 95
2 3 96
2 3 97
2 4 97
2 5 97
2 6 97
2 7 97
2 8 97
2 9 97
2 10 97
2 11 97
2 12 97
2 13 97
2 14 97
2 15 97
2 16 97
2 17 97
2 18 97
2 19 97
2 20 97
2 21 97
2 22 97
2 23 97
2 24 97
2 25 97
2 26 97
2 27 97
2 28 97
2 29 97
2 30 97
2 31 97
2 32 97
2 33 97
2 34 97
2 35 97
2 36 97
2 37 97
2 38 97
2 39 97
2 40 97
2 41 97
2 42 97
2 43 97
2 44 97
2 45 97
2 46 97
2 47 97
2 48 97
2 49 97
2 50 97
2 51 97
2 52 97
2 53 97
2 54 97
2 55 97
2 56 97
2 57 97
2 58 97
2 59 97
2 60 97
2 61 97
2 62 97
2 63 97
2 64 97
2 65 97
2 66 97
2 67 97
2 68 97
2 69 97
2 70 97
2 71 97
2 72 97
2 73 97
2 74 97
2 75 97
2 76 97
2 77 97
2 78 97
2 79 97
2 80 97
2 81 97
2 82 97
2 83 97
2 84 97
2 85 97
2 86 97
2 87 97
2 88 97
2 89 97
2 90 97
2 91 97
49 93 96
49 93 95
2 92 97
2 93 97
49 92 95
49 91 95
48 94 95
48 93 95
2 94 97
2 95 97
48 93 96
48 93 97
50 96 95
50 95 95
2 96 97
2 97 97
50 95 96
50 95 97
4 8 7
4 9 7
3 5 6
3 5 7
3 5 8
3 5 9
3 5 10
3 5 11
3 5 12
3 5 13
3 5 14
3 5 15
3 5 16
3 5 17
3 5 18
3 5 19
3 5 20
3 5 21
3 5 22
3 5 23
3 5 24
3 5 25
3 5 26
3 5 27
3 5 28
3 5 29
3 5 30
3 5 31
3 5 32
3 5 33
3 5 34
3 5 35
3 5 36
3 5 37
3 5 38
3 5 39
3 5 40
3 5 41
3 5 42
3 5 43
3 5 44
3 5 45
3 5 46
3 5 47
3 5 48
3 5 49
3 5 50
3 5 51
3 5 52
3 5 53
3 5 54
3 5 55
3 5 56
3 5 57
3 5 58
3 5 59
3 5 60
3 5 61
3 5 62
3 5 63
3 5 64
3 5 65
3 5 66
3 5 67
3 5 68
3 5 69
3 5 70
3 5 71
3 5 72
3 5 73
3 5 74
3 5 75
3 5 76
3 5 77
3 5 78
3 5 79
3 5 80
3 5 81
3 5 82
3 5 83
3 5 84
3 5 85
3 5 86
3 5 87
3 5 88
3 5 89
3 5 90
3 5 91
3 5 92
3 5 93
3 5 94
3 5 95
3 6 95
3 7 95
3 8 95
3 9 95
3 10 95
3 11 95
3 12 95
3 13 95
3 14 95
3 15 95
3 16 95
3 17 95
3 18 95
3 19 95
3 20 95
3 21 95
3 22 95
3 23 95
3 24 95
3 25 95
3 26 95
3 27 95
3 28 95
3 29 95
3 30 95
3 31 95
3 32 95
3 33 95
3 34 95
3 35 95
3 36 95
3 37 95
3 38 95
3 39 95
3 40 95
3 41 95
3 42 95
3 43 95
3 44 95
3 45 95
3 46 95
3 47 95
3 48 95
3 49 95
3 50 95
3 51 95
3 52 95
3 53 95
3 54 95
3 55 95
3 56 95
3 57 95
3 58 95
3 59 95
3 60 95
3 61 95
3 62 95
3 63 95
3 64 95
3 65 95
3 66 95
3 67 95
3 68 95
3 69 95
3 70 95
3 71 95
3 72 95
3 73 95
3 74 95
3 75 95
3 76 95
3 77 95
3 78 95
3 79 95
3 80 95
3 81 95
3 82 95
3 83 95
3 84 95
3 85 95
3 86 95
3 87 95
3 88 95
3 89 95
49 91 94
49 91 93
3 90 95
3 91 95
49 90 93
49 89 93
3 92 95
3 93 95
3 94 95
3 95 95
3 96 95
3 97 95
47 93 92
47 93 93
47 94 93
47 95 93
48 93 96
48 93 95
50 94 97
50 93 97
50 93 98
50 93 99
48 93 96
48 93 97
47 94 93
47 93 93
47 93 92
47 93 91
48 93 96
48 93 95
48 94 95
48 95 95
48 95 94
48 95 93
46 91 92
46 91 93
47 92 91
47 91 91
48 95 92
48 95 91
46 92 93
46 93 93
49 89 94
49 89 95
47 90 91
47 89 91
47 89 92
47 89 93
45 89 90
45 89 91
48 95 90
48 95 89
48 95 88
48 95 87
48 95 86
48 95 85
48 95 84
48 95 83
48 95 82
48 95 81
48 95 80
48 95 79
48 95 78
48 95 77
48 95 76
48 95 75
48 95 74
48 95 73
48 95 72
48 95 71
48 95 70
48 95 69
48 95 68
48 95 67
48 95 66
48 95 65
48 95 64
48 95 63
48 95 62
48 95 61
48 95 60
48 95 59
48 95 58
48 95 57
48 95 56
48 95 55
48 95 54
48 95 53
48 95 52
48 95 51
48 95 50
48 95 49
48 95 48
48 95 47
48 95 46
48 95 45
48 95 44
48 95 43
48 95 42
48 95 41
48 95 40
48 95 39
48 95 38
48 95 37
48 95 36
48 95 35
48 95 34
48 95 33
48 95 32
48 95 31
48 95 30
48 95 29
48 95 28
48 95 27
48 95 26
48 95 25
48 95 24
48 95 23
48 95 22
48 95 21
48 95 20
48 95 19
48 95 18
48 95 17
48 95 16
48 95 15
48 95 14
48 95 13
48 95 12
48 95 11
48 95 10
48 95 9
48 95 8
48 95 7
48 95 6
48 95 5
48 95 4
48 95 3
48 95 2
48 95 1
48 94 1
48 93 1
48 93 2
48 93 3
48 92 3
48 91 3
48 91 2
48 91 1
49 90 95
49 91 95
50 93 98
50 93 97
49 90 95
49 89 95
50 93 96
50 93 95
47 88 93
47 87 93
49 89 94
49 89 93
47 87 94
47 87 95
49 88 93
49 87 93
46 92 93
46 91 93
50 93 94
50 93 93
46 91 94
46 91 95
5 10 9
5 11 9
4 9 8
4 9 9
4 9 10
4 9 11
4 9 12
4 9 13
4 9 14
4 9 15
4 9 16
4 9 17
4 9 18
4 9 19
4 9 20
4 9 21
4 9 22
4 9 23
4 9 24
4 9 25
4 9 26
4 9 27
4 9 28
4 9 29
4 9 30
4 9 31
4 9 32
4 9 33
4 9 34
4 9 35
4 9 36
4 9 37
4 9 38
4 9 39
4 9 40
4 9 41
4 9 42
4 9 43
4 9 44
4 9 45
4 9 46
4 9 47
4 9 48
4 9 49
4 9 50
4 9 51
4 9 52
4 9 53
4 9 54
4 9 55
4 9 56
4 9 57
4 9 58
4 9 59
4 9 60
4 9 61
4 9 62
4 9 63
4 9 64
4 9 65
4 9 66
4 9 67
4 9 68
4 9 69
4 9 70
4 9 71
4 9 72
4 9 73
4 9 74
4 9 75
4 9 76
4 9 77
4 9 78
4 9 79
4 9 80
4 9 81
4 9 82
4 9 83
4 9 84
4 9 85
4 9 86
4 9 87
4 9 88
4 9 89
4 9 90
4 9 91
4 9 92
4 9 93
4 10 93
4 11 93
4 12 93
4 13 93
4 14 93
4 15 93
4 16 93
4 17 93
4 18 93
4 19 93
4 20 93
4 21 93
4 22 93
4 23 93
4 24 93
4 25 93
4 26 93
4 27 93
4 28 93
4 29 93
4 30 93
4 31 93
4 32 93
4 33 93
4 34 93
4 35 93
4 36 93
4 37 93
4 38 93
4 39 93
4 40 93
4 41 93
4 42 93
4 43 93
4 44 93
4 45 93
4 46 93
4 47 93
4 48 93
4 49 93
4 50 93
4 51 93
4 52 93
4 53 93
4 54 93
4 55 93
4 56 93
4 57 93
4 58 93
4 59 93
4 60 93
4 61 93
4 62 93
4 63 93
4 64 93
4 65 93
4 66 93
4 67 93
4 68 93
4 69 93
4 70 93
4 71 93
4 72 93
4 73 93
4 74 93
4 75 93
4 76 93
4 77 93
4 78 93
4 79 93
4 80 93
4 81 93
4 82 93
4 83 93
4 84 93
4 85 93
49 87 92
49 87 91
4 86 93
4 87 93
49 86 91
49 85 91
45 88 91
45 87 91
4 88 93
4 89 93
45 87 92
45 87 93
4 90 93
4 91 93
50 93 92
50 93 91
4 92 93
4 93 93
50 93 90
50 93 89
50 93 88
50 93 87
44 87 88
44 87 89
50 93 86
50 93 85
50 93 84
50 93 83
50 93 82
50 93 81
50 93 80
50 93 79
50 93 78
50 93 77
50 93 76
50 93 75
50 93 74
50 93 73
50 93 72
50 93 71
50 93 70
50 93 69
50 93 68
50 93 67
50 93 66
50 93 65
50 93 64
50 93 63
50 93 62
50 93 61
50 93 60
50 93 59
50 93 58
50 93 57
50 93 56
50 93 55
50 93 54
50 93 53
50 93 52
50 93 51
50 93 50
50 93 49
50 93 48
50 93 47
50 93 46
50 93 45
50 93 44
50 93 43
50 93 42
50 93 41
50 93 40
50 93 39
50 93 38
50 93 37
50 93 36
50 93 35
50 93 34
50 93 33
50 93 32
50 93 31
50 93 30
50 93 29
50 93 28
50 93 27
50 93 26
50 93 25
50 93 24
50 93 23
50 93 22
50 93 21
50 93 20
50 93 19
50 93 18
50 93 17
50 93 16
50 93 15
50 93 14
50 93 13
50 93 12
50 93 11
50 93 10
50 93 9
50 93 8
50 93 7
50 93 6
50 93 5
50 93 4
50 93 3
48 90 1
48 89 1
50 93 2
50 93 1
50 92 1
50 91 1
50 91 2
50 91 3
50 92 3
50 93 3
48 89 2
48 89 3
50 92 3
50 91 3
48 89 2
48 89 1
50 90 3
50 89 3
50 90 3
50 91 3
45 88 93
45 89 93
47 87 96
47 87 97
46 90 95
46 89 95
47 88 97
47 89 97
45 88 93
45 87 93
46 89 94
46 89 93
45 87 94
45 87 95
46 88 93
46 87 93
46 87 92
46 87 91
49 85 92
49 85 93
46 86 91
46 85 91
6 12 11
6 13 11
5 11 10
5 11 11
5 11 12
5 11 13
5 11 14
5 11 15
5 11 16
5 11 17
5 11 18
5 11 19
5 11 20
5 11 21
5 11 22
5 11 23
5 11 24
5 11 25
5 11 26
5 11 27
5 11 28
5 11 29
5 11 30
5 11 31
5 11 32
5 11 33
5 11 34
5 11 35
5 11 36
5 11 37
5 11 38
5 11 39
5 11 40
5 11 41
5 11 42
5 11 43
5 11 44
5 11 45
5 11 46
5 11 47
5 11 48
5 11 49
5 11 50
5 11 51
5 11 52
5 11 53
5 11 54
5 11 55
5 11 56
5 11 57
5 11 58
5 11 59
5 11 60
5 11 61
5 11 62
5 11 63
5 11 64
5 11 65
5 11 66
5 11 67
5 11 68
5 11 69
5 11 70
5 11 71
5 11 72
5 11 73
5 11 74
5 11 75
5 11 76
5 11 77
5 11 78
5 11 79
5 11 80
5 11 81
5 11 82
5 11 83
5 11 84
5 11 85
5 11 86
5 11 87
5 11 88
5 11 89
5 11 90
5 11 91
5 12 91
5 13 91
5 14 91
5 15 91
5 16 91
5 17 91
5 18 91
5 19 91
5 20 91
5 21 91
5 22 91
5 23 91
5 24 91
5 25 91
5 26 91
5 27 91
5 28 91
5 29 91
5 30 91
5 31 91
5 32 91
5 33 91
5 34 91
5 35 91
5 36 91
5 37 91
5 38 91
5 39 91
5 40 91
5 41 91
5 42 91
5 43 91
5 44 91
5 45 91
5 46 91
5 47 91
5 48 91
5 49 91
5 50 91
5 51 91
5 52 91
5 53 91
5 54 91
5 55 91
5 56 91
5 57 91
5 58 91
5 59 91
5 60 91
5 61 91
5 62 91
5 63 91
5 64 91
5 65 91
5 66 91
5 67 91
5 68 91
5 69 91
5 70 91
5 71 91
5 72 91
5 73 91
5 74 91
5 75 91
5 76 91
5 77 91
5 78 91
5 79 91
5 80 91
5 81 91
5 82 91
5 83 91
46 85 90
46 85 89
5 84 91
5 85 91
46 84 89
46 83 89
44 86 89
44 85 89
5 86 91
5 87 91
44 85 90
44 85 91
5 88 91
5 89 91
5 90 91
5 91 91
45 88 95
45 89 95
49 86 93
49 87 93
44 85 92
44 85 93
43 85 86
43 85 87
43 86 87
43 87 87
42 83 84
42 83 85
42 84 85
42 85 85
46 83 90
46 83 91
42 84 85
42 83 85
42 83 86
42 83 87
50 90 3
50 89 3
50 88 3
50 87 3
50 87 4
50 87 5
48 88 1
48 87 1
48 87 2
48 87 3
48 87 2
48 87 1
50 87 4
50 87 3
43 87 86
43 87 85
46 84 91
46 85 91
47 88 97
47 87 97
47 87 98
47 87 99
49 87 94
49 87 95
43 87 86
43 87 87
50 88 3
50 89 3
43 87 86
43 87 85
43 88 85
43 89 85
49 87 94
49 87 93
45 88 95
45 87 95
49 88 93
49 89 93
45 87 94
45 87 93
44 84 93
44 83 93
44 83 94
44 83 95
45 86 93
45 85 93
45 85 94
45 85 95
49 88 93
49 87 93
45 86 95
45 87 95
45 86 95
45 85 95
45 85 96
45 85 97
49 86 93
49 85 93
49 85 94
49 85 95
46 85 92
46 85 93
7 14 13
7 15 13
6 13 12
6 13 13
6 13 14
6 13 15
6 13 16
6 13 17
6 13 18
6 13 19
6 13 20
6 13 21
6 13 22
6 13 23
6 13 24
6 13 25
6 13 26
6 13 27
6 13 28
6 13 29
6 13 30
6 13 31
6 13 32
6 13 33
6 13 34
6 13 35
6 13 36
6 13 37
6 13 38
6 13 39
6 13 40
6 13 41
6 13 42
6 13 43
6 13 44
6 13 45
6 13 46
6 13 47
6 13 48
6 13 49
6 13 50
6 13 51
6 13 52
6 13 53
6 13 54
6 13 55
6 13 56
6 13 57
6 13 58
6 13 59
6 13 60
6 13 61
6 13 62
6 13 63
6 13 64
6 13 65
6 13 66
6 13 67
6 13 68
6 13 69
6 13 70
6 13 71
6 13 72
6 13 73
6 13 74
6 13 75
6 13 76
6 13 77
6 13 78
6 13 79
6 13 80
6 13 81
6 13 82
6 13 83
6 13 84
6 13 85
6 13 86
6 13 87
6 13 88
6 13 89
6 14 89
6 15 89
6 16 89
6 17 89
6 18 89
6 19 89
6 20 89
6 21 89
6 22 89
6 23 89
6 24 89
6 25 89
6 26 89
6 27 89
6 28 89
6 29 89
6 30 89
6 31 89
6 32 89
6 33 89
6 34 89
6 35 89
6 36 89
6 37 89
6 38 89
6 39 89
6 40 89
6 41 89
6 42 89
6 43 89
6 44 89
6 45 89
6 46 89
6 47 89
6 48 89
6 49 89
6 50 89
6 51 89
6 52 89
6 53 89
6 54 89
6 55 89
6 56 89
6 57 89
6 58 89
6 59 89
6 60 89
6 61 89
6 62 89
6 63 89
6 64 89
6 65 89
6 66 89
6 67 89
6 68 89
6 69 89
6 70 89
6 71 89
6 72 89
6 73 89
6 74 89
6 75 89
6 76 89
6 77 89
6 78 89
6 79 89
6 80 89
6 81 89
42 82 87
42 81 87
6 82 89
6 83 89
42 81 88
42 81 89
6 84 89
6 85 89
6 86 89
6 87 89
6 88 89
6 89 89
43 88 85
43 87 85
43 87 86
43 87 87
43 87 86
43 87 85
50 88 3
50 87 3
50 87 4
50 87 5
48 86 1
48 85 1
48 85 2
48 85 3
48 86 3
48 87 3
48 87 2
48 87 1
48 88 1
48 89 1
48 88 1
48 87 1
42 82 89
42 83 89
45 84 97
45 83 97
45 83 98
45 83 99
47 87 98
47 87 97
45 84 99
45 85 99
44 83 96
44 83 97
49 84 95
49 83 95
47 87 96
47 87 95
49 84 95
49 85 95
46 84 93
46 83 93
49 85 94
49 85 93
46 83 94
46 83 95
49 84 93
49 83 93
47 87 94
47 87 93
46 84 95
46 85 95
49 83 92
49 83 91
49 82 91
49 81 91
47 87 92
47 87 91
46 84 95
46 83 95
44 84 97
44 85 97
46 83 96
46 83 97
42 83 90
42 83 91
47 87 90
47 87 89
49 81 92
49 81 93
42 82 91
42 81 91
49 82 93
49 83 93
42 81 92
42 81 93
47 87 88
47 87 87
8 16 15
8 17 15
7 15 14
7 15 15
7 15 16
7 15 17
7 15 18
7 15 19
7 15 20
7 15 21
7 15 22
7 15 23
7 15 24
7 15 25
7 15 26
7 15 27
7 15 28
7 15 29
7 15 30
7 15 31
7 15 32
7 15 33
7 15 34
7 15 35
7 15 36
7 15 37
7 15 38
7 15 39
7 15 40
7 15 41
7 15 42
7 15 43
7 15 44
7 15 45
7 15 46
7 15 47
7 15 48
7 15 49
7 15 50
7 15 51
7 15 52
7 15 53
7 15 54
7 15 55
7 15 56
7 15 57
7 15 58
7 15 59
7 15 60
7 15 61
7 15 62
7 15 63
7 15 64
7 15 65
7 15 66
7 15 67
7 15 68
7 15 69
7 15 70
7 15 71
7 15 72
7 15 73
7 15 74
7 15 75
7 15 76
7 15 77
7 15 78
7 15 79
7 15 80
7 15 81
7 15 82
7 15 83
7 15 84
7 15 85
7 15 86
7 15 87
7 16 87
7 17 87
7 18 87
7 19 87
7 20 87
7 21 87
7 22 87
7 23 87
7 24 87
7 25 87
7 26 87
7 27 87
7 28 87
7 29 87
7 30 87
7 31 87
7 32 87
7 33 87
7 34 87
7 35 87
7 36 87
7 37 87
7 38 87
7 39 87
7 40 87
7 41 87
7 42 87
7 43 87
7 44 87
7 45 87
7 46 87
7 47 87
7 48 87
7 49 87
7 50 87
7 51 87
7 52 87
7 53 87
7 54 87
7 55 87
7 56 87
7 57 87
7 58 87
7 59 87
7 60 87
7 61 87
7 62 87
7 63 87
7 64 87
7 65 87
7 66 87
7 67 87
7 68 87
7 69 87
7 70 87
7 71 87
7 72 87
7 73 87
7 74 87
7 75 87
7 76 87
7 77 87
7 78 87
7 79 87
7 80 87
7 81 87
7 82 87
7 83 87
7 84 87
7 85 87
43 86 85
43 85 85
47 87 86
47 87 85
7 86 87
7 87 87
43 85 86
43 85 87
50 86 5
50 85 5
50 85 4
50 85 3
47 86 85
47 85 85
47 85 84
47 85 83
41 81 82
41 81 83
47 85 82
47 85 81
47 84 81
47 83 81
43 85 86
43 85 85
41 81 84
41 81 85
41 82 85
41 83 85
47 82 81
47 81 81
47 81 82
47 81 83
40 80 79
40 81 79
39 78 77
39 79 77
50 84 3
50 83 3
50 83 4
50 83 5
50 84 5
50 85 5
48 86 1
48 85 1
48 85 2
48 85 3
48 86 3
48 87 3
48 86 3
48 85 3
41 83 84
41 83 83
46 82 97
46 81 97
46 81 98
46 81 99
44 84 97
44 83 97
45 85 98
45 85 97
44 83 98
44 83 99
45 85 96
45 85 95
42 80 93
42 79 93
42 79 94
42 79 95
49 82 93
49 81 93
49 81 94
49 81 95
45 85 94
45 85 93
45 85 92
45 85 91
45 85 90
45 85 89
45 85 88
45 85 87
43 84 85
43 83 85
45 85 86
45 85 85
43 83 86
43 83 87
41 83 84
41 83 85
9 18 17
9 19 17
8 17 16
8 17 17
8 17 18
8 17 19
8 17 20
8 17 21
8 17 22
8 17 23
8 17 24
8 17 25
8 17 26
8 17 27
8 17 28
8 17 29
8 17 30
8 17 31
8 17 32
8 17 33
8 17 34
8 17 35
8 17 36
8 17 37
8 17 38
8 17 39
8 17 40
8 17 41
8 17 42
8 17 43
8 17 44
8 17 45
8 17 46
8 17 47
8 17 48
8 17 49
8 17 50
8 17 51
8 17 52
8 17 53
8 17 54
8 17 55
8 17 56
8 17 57
8 17 58
8 17 59
8 17 60
8 17 61
8 17 62
8 17 63
8 17 64
8 17 65
8 17 66
8 17 67
8 17 68
8 17 69
8 17 70
8 17 71
8 17 72
8 17 73
8 17 74
8 17 75
8 17 76
8 17 77
8 17 78
8 17 79
8 17 80
8 17 81
8 17 82
8 17 83
8 17 84
8 17 85
8 18 85
8 19 85
8 20 85
8 21 85
8 22 85
8 23 85
8 24 85
8 25 85
8 26 85
8 27 85
8 28 85
8 29 85
8 30 85
8 31 85
8 32 85
8 33 85
8 34 85
8 35 85
8 36 85
8 37 85
8 38 85
8 39 85
8 40 85
8 41 85
8 42 85
8 43 85
8 44 85
8 45 85
8 46 85
8 47 85
8 48 85
8 49 85
8 50 85
8 51 85
8 52 85
8 53 85
8 54 85
8 55 85
8 56 85
8 57 85
8 58 85
8 59 85
8 60 85
8 61 85
8 62 85
8 63 85
8 64 85
8 65 85
8 66 85
8 67 85
8 68 85
8 69 85
8 70 85
8 71 85
8 72 85
8 73 85
8 74 85
8 75 85
8 76 85
8 77 85
8 78 85
8 79 85
47 80 83
47 79 83
8 80 85
8 81 85
47 79 84
47 79 85
41 83 84
41 83 83
8 82 85
8 83 85
41 82 83
41 81 83
45 85 84
45 85 83
8 84 85
8 85 85
47 79 86
47 79 87
41 80 83
41 79 83
41 79 84
41 79 85
45 85 82
45 85 81
47 80 87
47 81 87
41 79 86
41 79 87
40 80 79
40 79 79
45 85 80
45 85 79
45 85 78
45 85 77
38 75 76
38 75 77
39 79 76
39 79 75
39 78 75
39 77 75
45 85 76
45 85 75
40 78 79
40 77 79
40 77 80
40 77 81
39 77 76
39 77 77
39 78 77
39 79 77
45 85 74
45 85 73
45 84 73
45 83 73
45 83 72
45 83 71
45 83 70
45 83 69
39 80 77
39 81 77
38 75 78
38 75 79
50 84 5
50 83 5
50 83 6
50 83 7
48 84 3
48 83 3
48 83 4
48 83 5
39 81 76
39 81 75
46 81 98
46 81 97
46 80 97
46 79 97
44 83 98
44 83 97
46 80 97
46 81 97
42 78 95
42 77 95
49 80 95
49 79 95
46 81 96
46 81 95
49 79 96
49 79 97
46 80 95
46 79 95
44 83 96
44 83 95
46 80 95
46 81 95
42 78 95
42 79 95
42 79 94
42 79 93
42 78 93
42 77 93
46 81 94
46 81 93
46 80 93
46 79 93
44 83 94
44 83 93
46 79 94
46 79 95
44 83 92
44 83 91
47 81 88
47 81 89
41 78 87
41 77 87
41 77 86
41 77 85
47 80 89
47 79 89
47 79 90
47 79 91
44 83 90
44 83 89
47 80 91
47 81 91
46 79 94
46 79 93
49 79 96
49 79 95
49 79 96
49 79 97
49 80 97
49 81 97
46 79 94
46 79 95
46 80 95
46 81 95
47 80 91
47 79 91
47 79 92
47 79 93
43 82 87
43 81 87
44 83 88
44 83 87
41 77 86
41 77 87
43 81 86
43 81 85
43 80 85
43 79 85
44 83 86
44 83 85
46 81 94
46 81 93
42 77 94
42 77 95
47 78 93
47 77 93
42 78 95
42 79 95
47 77 94
47 77 95
41 77 88
41 77 89
41 78 89
41 79 89
43 78 85
43 77 85
43 77 86
43 77 87
44 83 84
44 83 83
39 81 76
39 81 77
10 20 19
10 21 19
9 19 18
9 19 19
9 19 20
9 19 21
9 19 22
9 19 23
9 19 24
9 19 25
9 19 26
9 19 27
9 19 28
9 19 29
9 19 30
9 19 31
9 19 32
9 19 33
9 19 34
9 19 35
9 19 36
9 19 37
9 19 38
9 19 39
9 19 40
9 19 41
9 19 42
9 19 43
9 19 44
9 19 45
9 19 46
9 19 47
9 19 48
9 19 49
9 19 50
9 19 51
9 19 52
9 19 53
9 19 54
9 19 55
9 19 56
9 19 57
9 19 58
9 19 59
9 19 60
9 19 61
9 19 62
9 19 63
9 19 64
9 19 65
9 19 66
9 19 67
9 19 68
9 19 69
9 19 70
9 19 71
9 19 72
9 19 73
9 19 74
9 19 75
9 19 76
9 19 77
9 19 78
9 19 79
9 19 80
9 19 81
9 19 82
9 19 83
9 20 83
9 21 83
9 22 83
9 23 83
9 24 83
9 25 83
9 26 83
9 27 83
9 28 83
9 29 83
9 30 83
9 31 83
9 32 83
9 33 83
9 34 83
9 35 83
9 36 83
9 37 83
9 38 83
9 39 83
9 40 83
9 41 83
9 42 83
9 43 83
9 44 83
9 45 83
9 46 83
9 47 83
9 48 83
9 49 83
9 50 83
9 51 83
9 52 83
9 53 83
9 54 83
9 55 83
9 56 83
9 57 83
9 58 83
9 59 83
9 60 83
9 61 83
9 62 83
9 63 83
9 64 83
9 65 83
9 66 83
9 67 83
9 68 83
9 69 83
9 70 83
9 71 83
9 72 83
9 73 83
9 74 83
9 75 83
40 76 81
40 75 81
9 76 83
9 77 83
40 75 82
40 75 83
9 78 83
9 79 83
9 80 83
9 81 83
44 83 82
44 83 81
9 82 83
9 83 83
41 79 88
41 79 87
46 80 93
46 79 93
42 80 95
42 81 95
46 79 94
46 79 95
41 79 88
41 79 89
41 80 89
41 81 89
44 83 80
44 83 79
38 75 80
38 75 81
39 80 77
39 79 77
39 79 78
39 79 79
44 83 78
44 83 77
43 78 87
43 79 87
39 78 79
39 77 79
39 77 80
39 77 81
44 83 76
44 83 75
43 79 86
43 79 85
41 80 89
41 79 89
41 79 90
41 79 91
43 79 86
43 79 87
43 80 87
43 81 87
44 83 74
44 83 73
39 78 81
39 79 81
44 83 72
44 83 71
45 82 69
45 81 69
44 83 70
44 83 69
45 80 69
45 79 69
44 83 68
44 83 67
45 80 69
45 81 69
44 83 66
44 83 65
45 80 69
45 79 69
45 79 70
45 79 71
44 83 64
44 83 63
44 83 62
44 83 61
44 83 60
44 83 59
44 83 58
44 83 57
44 83 56
44 83 55
44 83 54
44 83 53
44 83 52
44 83 51
44 82 51
44 81 51
44 81 50
44 81 49
44 81 48
44 81 47
44 80 47
44 79 47
44 78 47
44 77 47
44 77 48
44 77 49
44 77 50
44 77 51
50 82 7
50 81 7
50 80 7
50 79 7
50 79 8
50 79 9
48 82 5
48 81 5
48 81 6
48 81 7
50 79 8
50 79 7
45 79 70
45 79 69
39 79 80
39 79 79
40 76 83
40 77 83
49 80 97
49 79 97
49 79 98
49 79 99
46 79 96
46 79 97
47 78 95
47 79 95
47 78 95
47 77 95
46 79 96
46 79 95
47 77 96
47 77 97
46 78 95
46 77 95
42 80 95
42 79 95
42 79 96
42 79 97
46 78 95
46 79 95
46 79 94
46 79 93
46 78 93
46 77 93
46 77 92
46 77 91
46 76 91
46 75 91
41 78 91
41 77 91
41 77 92
41 77 93
40 78 83
40 79 83
43 80 87
43 79 87
41 77 92
41 77 91
41 77 92
41 77 93
41 78 93
41 79 93
43 78 87
43 77 87
43 77 88
43 77 89
43 77 88
43 77 87
41 78 93
41 77 93
41 77 94
41 77 95
43 77 88
43 77 89
43 78 89
43 79 89
40 78 83
40 77 83
43 79 88
43 79 87
46 76 91
46 77 91
38 74 81
38 73 81
40 77 82
40 77 81
40 76 81
40 75 81
39 79 80
39 79 81
45 79 70
45 79 71
11 22 21
11 23 21
10 21 20
10 21 21
10 21 22
10 21 23
10 21 24
10 21 25
10 21 26
10 21 27
10 21 28
10 21 29
10 21 30
10 21 31
10 21 32
10 21 33
10 21 34
10 21 35
10 21 36
10 21 37
10 21 38
10 21 39
10 21 40
10 21 41
10 21 42
10 21 43
10 21 44
10 21 45
10 21 46
10 21 47
10 21 48
10 21 49
10 21 50
10 21 51
10 21 52
10 21 53
10 21 54
10 21 55
10 21 56
10 21 57
10 21 58
10 21 59
10 21 60
10 21 61
10 21 62
10 21 63
10 21 64
10 21 65
10 21 66
10 21 67
10 21 68
10 21 69
10 21 70
10 21 71
10 21 72
10 21 73
10 21 74
10 21 75
10 21 76
10 21 77
10 21 78
10 21 79
10 21 80
10 21 81
10 22 81
10 23 81
10 24 81
10 25 81
10 26 81
10 27 81
10 28 81
10 29 81
10 30 81
10 31 81
10 32 81
10 33 81
10 34 81
10 35 81
10 36 81
10 37 81
10 38 81
10 39 81
10 40 81
10 41 81
10 42 81
10 43 81
10 44 81
10 45 81
10 46 81
10 47 81
10 48 81
10 49 81
10 50 81
10 51 81
10 52 81
10 53 81
10 54 81
10 55 81
10 56 81
10 57 81
10 58 81
10 59 81
10 60 81
10 61 81
10 62 81
10 63 81
10 64 81
10 65 81
10 66 81
10 67 81
10 68 81
10 69 81
10 70 81
10 71 81
38 73 80
38 73 79
10 72 81
10 73 81
38 72 79
38 71 79
40 75 80
40 75 79
10 74 81
10 75 81
40 74 79
40 73 79
10 76 81
10 77 81
39 79 80
39 79 79
10 78 81
10 79 81
39 78 79
39 77 79
10 80 81
10 81 81
39 76 79
39 75 79
39 75 80
39 75 81
39 76 81
39 77 81
40 73 80
40 73 81
40 74 81
40 75 81
39 77 80
39 77 79
39 77 80
39 77 81
39 78 81
39 79 81
45 78 71
45 77 71
45 77 72
45 77 73
45 78 73
45 79 73
45 78 73
45 77 73
45 77 74
45 77 75
37 74 73
37 75 73
45 78 75
45 79 75
37 74 73
37 73 73
37 73 74
37 73 75
44 78 51
44 79 51
44 78 51
44 77 51
44 77 52
44 77 53
44 76 53
44 75 53
44 75 54
44 75 55
50 79 8
50 79 9
48 80 7
48 79 7
48 79 6
48 79 5
50 79 8
50 79 7
50 80 7
50 81 7
44 75 56
44 75 57
50 80 7
50 79 7
50 79 8
50 79 9
48 78 5
48 77 5
48 77 6
48 77 7
50 79 8
50 79 7
48 77 6
48 77 5
40 76 81
40 77 81
47 76 97
47 75 97
47 75 98
47 75 99
42 78 97
42 77 97
49 79 98
49 79 97
42 77 98
42 77 99
41 77 96
41 77 97
46 77 92
46 77 93
40 77 82
40 77 83
45 78 75
45 77 75
45 77 74
45 77 73
39 78 81
39 77 81
39 77 80
39 77 79
40 77 82
40 77 81
40 78 81
40 79 81
43 78 87
43 77 87
43 77 86
43 77 85
46 77 92
46 77 91
46 78 91
46 79 91
41 77 96
41 77 95
49 78 97
49 77 97
41 78 95
41 79 95
41 79 94
41 79 93
46 78 91
46 77 91
41 79 92
41 79 91
49 77 96
49 77 95
46 77 90
46 77 89
46 76 89
46 75 89
41 79 90
41 79 89
49 76 95
49 75 95
49 75 96
49 75 97
46 75 90
46 75 91
46 76 91
46 77 91
41 79 88
41 79 87
49 76 97
49 77 97
46 76 91
46 75 91
46 75 92
46 75 93
43 76 85
43 75 85
41 79 86
41 79 85
43 75 84
43 75 83
43 74 83
43 73 83
41 79 84
41 79 83
43 72 83
43 71 83
43 71 84
43 71 85
40 78 81
40 77 81
41 79 82
41 79 81
40 76 81
40 75 81
40 75 82
40 75 83
39 76 79
39 75 79
41 79 80
41 79 79
45 77 74
45 77 75
12 24 23
12 25 23
11 23 22
11 23 23
11 23 24
11 23 25
11 23 26
11 23 27
11 23 28
11 23 29
11 23 30
11 23 31
11 23 32
11 23 33
11 23 34
11 23 35
11 23 36
11 23 37
11 23 38
11 23 39
11 23 40
11 23 41
11 23 42
11 23 43
11 23 44
11 23 45
11 23 46
11 23 47
11 23 48
11 23 49
11 23 50
11 23 51
11 23 52
11 23 53
11 23 54
11 23 55
11 23 56
11 23 57
11 23 58
11 23 59
11 23 60
11 23 61
11 23 62
11 23 63
11 23 64
11 23 65
11 23 66
11 23 67
11 23 68
11 23 69
11 23 70
11 23 71
11 23 72
11 23 73
11 23 74
11 23 75
11 23 76
11 23 77
11 23 78
11 23 79
11 24 79
11 25 79
11 26 79
11 27 79
11 28 79
11 29 79
11 30 79
11 31 79
11 32 79
11 33 79
11 34 79
11 35 79
11 36 79
11 37 79
11 38 79
11 39 79
11 40 79
11 41 79
11 42 79
11 43 79
11 44 79
11 45 79
11 46 79
11 47 79
11 48 79
11 49 79
11 50 79
11 51 79
11 52 79
11 53 79
11 54 79
11 55 79
11 56 79
11 57 79
11 58 79
11 59 79
11 60 79
11 61 79
11 62 79
11 63 79
11 64 79
11 65 79
11 66 79
11 67 79
11 68 79
11 69 79
38 71 78
38 71 77
11 70 79
11 71 79
38 70 77
38 69 77
11 72 79
11 73 79
39 75 78
39 75 77
11 74 79
11 75 79
39 74 77
39 73 77
11 76 79
11 77 79
41 79 78
41 79 77
11 78 79
11 79 79
40 75 82
40 75 81
40 75 82
40 75 83
40 76 83
40 77 83
45 76 75
45 75 75
41 79 76
41 79 75
40 76 83
40 75 83
40 75 84
40 75 85
45 75 76
45 75 77
45 76 77
45 77 77
41 79 74
41 79 73
45 77 76
45 77 75
39 73 78
39 73 79
39 74 79
39 75 79
37 73 76
37 73 77
37 74 77
37 75 77
41 79 72
41 79 71
45 77 74
45 77 73
40 76 85
40 77 85
43 71 86
43 71 87
36 71 72
36 71 73
36 72 73
36 73 73
41 79 70
41 79 69
37 75 76
37 75 75
39 76 79
39 77 79
37 75 76
37 75 77
37 76 77
37 77 77
45 76 73
45 75 73
45 75 74
45 75 75
41 79 68
41 79 67
41 79 66
41 79 65
41 78 65
41 77 65
41 77 64
41 77 63
37 77 76
37 77 75
38 69 78
38 69 79
35 69 70
35 69 71
35 70 71
35 71 71
41 77 62
41 77 61
41 76 61
41 75 61
34 68 67
34 69 67
41 75 60
41 75 59
41 74 59
41 73 59
41 73 60
41 73 61
41 74 61
41 75 61
44 74 57
44 73 57
35 72 71
35 73 71
44 72 57
44 71 57
44 71 58
44 71 59
44 71 60
44 71 61
41 75 60
41 75 59
41 75 60
41 75 61
41 76 61
41 77 61
48 77 6
48 77 7
48 77 6
48 77 5
50 78 7
50 77 7
48 78 5
48 79 5
50 77 6
50 77 5
50 76 5
50 75 5
50 75 6
50 75 7
48 78 5
48 77 5
48 77 6
48 77 7
50 75 6
50 75 5
45 75 74
45 75 73
38 70 79
38 71 79
47 75 98
47 75 97
47 74 97
47 73 97
49 76 97
49 75 97
42 77 98
42 77 97
49 75 98
49 75 99
47 73 96
47 73 95
47 72 95
47 71 95
42 77 96
42 77 95
46 75 94
46 75 95
47 71 94
47 71 93
47 70 93
47 69 93
46 75 94
46 75 93
46 74 93
46 73 93
42 77 94
42 77 93
46 74 93
46 75 93
47 70 93
47 71 93
47 71 92
47 71 91
47 70 91
47 69 91
46 75 92
46 75 91
46 74 91
46 73 91
42 77 92
42 77 91
46 74 91
46 75 91
47 70 91
47 71 91
47 71 90
47 71 89
47 70 89
47 69 89
46 75 90
46 75 89
46 74 89
46 73 89
42 77 90
42 77 89
46 74 89
46 75 89
47 70 89
47 71 89
43 70 87
43 69 87
47 71 88
47 71 87
43 69 88
43 69 89
47 70 87
47 69 87
46 75 88
46 75 87
46 74 87
46 73 87
42 77 88
42 77 87
46 73 86
46 73 85
46 72 85
46 71 85
40 76 85
40 75 85
42 77 86
42 77 85
46 71 84
46 71 83
46 70 83
46 69 83
40 75 84
40 75 83
40 74 83
40 73 83
42 77 84
42 77 83
40 72 83
40 71 83
40 71 84
40 71 85
42 77 82
42 77 81
39 76 79
39 75 79
42 77 80
42 77 79
40 72 85
40 73 85
38 71 80
38 71 81
38 72 81
38 73 81
39 75 78
39 75 77
39 74 77
39 73 77
42 77 78
42 77 77
45 75 74
45 75 75
13 26 25
13 27 25
12 25 24
12 25 25
12 25 26
12 25 27
12 25 28
12 25 29
12 25 30
12 25 31
12 25 32
12 25 33
12 25 34
12 25 35
12 25 36
12 25 37
12 25 38
12 25 39
12 25 40
12 25 41
12 25 42
12 25 43
12 25 44
12 25 45
12 25 46
12 25 47
12 25 48
12 25 49
12 25 50
12 25 51
12 25 52
12 25 53
12 25 54
12 25 55
12 25 56
12 25 57
12 25 58
12 25 59
12 25 60
12 25 61
12 25 62
12 25 63
12 25 64
12 25 65
12 25 66
12 25 67
12 25 68
12 25 69
12 25 70
12 25 71
12 25 72
12 25 73
12 25 74
12 25 75
12 25 76
12 25 77
12 26 77
12 27 77
12 28 77
12 29 77
12 30 77
12 31 77
12 32 77
12 33 77
12 34 77
12 35 77
12 36 77
12 37 77
12 38 77
12 39 77
12 40 77
12 41 77
12 42 77
12 43 77
12 44 77
12 45 77
12 46 77
12 47 77
12 48 77
12 49 77
12 50 77
12 51 77
12 52 77
12 53 77
12 54 77
12 55 77
12 56 77
12 57 77
12 58 77
12 59 77
12 60 77
12 61 77
12 62 77
12 63 77
12 64 77
12 65 77
12 66 77
12 67 77
12 68 77
12 69 77
12 70 77
12 71 77
39 73 76
39 73 75
12 72 77
12 73 77
39 72 75
39 71 75
45 74 75
45 73 75
12 74 77
12 75 77
45 73 76
45 73 77
37 76 75
37 75 75
42 77 76
42 77 75
12 76 77
12 77 77
45 74 77
45 75 77
38 73 80
38 73 79
38 73 80
38 73 81
38 74 81
38 75 81
45 74 77
45 73 77
45 73 78
45 73 79
37 74 75
37 73 75
37 73 76
37 73 77
36 73 74
36 73 75
42 77 74
42 77 73
38 75 80
38 75 79
43 69 90
43 69 91
47 69 88
47 69 89
47 70 89
47 71 89
46 69 84
46 69 85
46 70 85
46 71 85
39 70 75
39 69 75
39 69 76
39 69 77
35 72 71
35 71 71
35 71 72
35 71 73
42 77 72
42 77 71
38 75 78
38 75 77
39 68 77
39 67 77
39 67 78
39 67 79
42 77 70
42 77 69
38 75 76
38 75 75
39 66 79
39 65 79
39 65 80
39 65 81
34 68 67
34 67 67
34 67 68
34 67 69
42 77 68
42 77 67
38 75 74
38 75 73
40 74 85
40 75 85
46 72 85
46 73 85
35 70 73
35 69 73
35 69 74
35 69 75
42 77 66
42 77 65
42 77 64
42 77 63
44 71 62
44 71 63
41 76 61
41 75 61
42 77 62
42 77 61
44 71 64
44 71 65
41 75 60
41 75 59
41 74 59
41 73 59
42 77 60
42 77 59
42 76 59
42 75 59
42 75 58
42 75 57
44 70 65
44 69 65
44 69 66
44 69 67
42 75 56
42 75 55
42 74 55
42 73 55
44 70 67
44 71 67
42 73 54
42 73 53
42 72 53
42 71 53
42 71 54
42 71 55
42 70 55
42 69 55
42 69 56
42 69 57
42 69 58
42 69 59
42 70 59
42 71 59
50 75 6
50 75 7
50 75 6
50 75 5
48 76 7
48 75 7
50 76 5
50 77 5
48 75 6
48 75 5
48 74 5
48 73 5
48 73 4
48 73 3
50 76 5
50 75 5
48 72 3
48 71 3
50 75 4
50 75 3
50 74 3
50 73 3
50 74 3
50 75 3
48 71 4
48 71 5
50 74 3
50 73 3
50 73 2
50 73 1
50 74 1
50 75 1
41 73 58
41 73 57
36 73 74
36 73 73
37 73 76
37 73 75
49 75 98
49 75 97
49 75 96
49 75 95
49 75 94
49 75 93
43 68 91
43 67 91
43 67 92
43 67 93
49 75 92
49 75 91
47 72 89
47 73 89
47 72 89
47 71 89
47 71 90
47 71 91
49 75 90
49 75 89
47 70 91
47 69 91
47 69 92
47 69 93
49 75 88
49 75 87
46 73 86
46 73 87
45 73 80
45 73 81
46 73 86
46 73 85
46 72 85
46 71 85
40 74 85
40 73 85
49 75 86
49 75 85
47 69 94
47 69 95
47 70 95
47 71 95
46 70 85
46 69 85
46 69 86
46 69 87
40 73 84
40 73 83
40 72 83
40 71 83
49 75 84
49 75 83
40 71 84
40 71 85
40 72 85
40 73 85
45 72 81
45 71 81
49 75 82
49 75 81
40 72 85
40 71 85
40 71 86
40 71 87
45 71 82
45 71 83
45 72 83
45 73 83
49 75 80
49 75 79
49 75 78
49 75 77
45 73 82
45 73 81
40 72 87
40 73 87
46 69 88
46 69 89
35 69 76
35 69 77
37 72 75
37 71 75
37 71 76
37 71 77
49 75 76
49 75 75
36 73 74
36 73 75
41 73 58
41 73 59
14 28 27
14 29 27
13 27 26
13 27 27
13 27 28
13 27 29
13 27 30
13 27 31
13 27 32
13 27 33
13 27 34
13 27 35
13 27 36
13 27 37
13 27 38
13 27 39
13 27 40
13 27 41
13 27 42
13 27 43
13 27 44
13 27 45
13 27 46
13 27 47
13 27 48
13 27 49
13 27 50
13 27 51
13 27 52
13 27 53
13 27 54
13 27 55
13 27 56
13 27 57
13 27 58
13 27 59
13 27 60
13 27 61
13 27 62
13 27 63
13 27 64
13 27 65
13 27 66
13 27 67
13 27 68
13 27 69
13 27 70
13 27 71
13 27 72
13 27 73
13 27 74
13 27 75
13 28 75
13 29 75
13 30 75
13 31 75
13 32 75
13 33 75
13 34 75
13 35 75
13 36 75
13 37 75
13 38 75
13 39 75
13 40 75
13 41 75
13 42 75
13 43 75
13 44 75
13 45 75
13 46 75
13 47 75
13 48 75
13 49 75
13 50 75
13 51 75
13 52 75
13 53 75
13 54 75
13 55 75
13 56 75
13 57 75
13 58 75
13 59 75
13 60 75
13 61 75
13 62 75
13 63 75
13 64 75
13 65 75
13 66 75
13 67 75
13 68 75
13 69 75
13 70 75
13 71 75
36 73 74
36 73 73
13 72 75
13 73 75
36 72 73
36 71 73
38 74 73
38 73 73
49 75 74
49 75 73
13 74 75
13 75 75
37 71 76
37 71 75
45 72 81
45 71 81
45 71 82
45 71 83
37 71 76
37 71 77
37 72 77
37 73 77
36 71 74
36 71 75
38 72 73
38 71 73
36 72 75
36 73 75
38 71 74
38 71 75
49 75 72
49 75 71
36 73 74
36 73 73
37 73 76
37 73 75
35 69 78
35 69 79
38 70 75
38 69 75
38 69 76
38 69 77
49 75 70
49 75 69
36 73 72
36 73 71
37 73 74
37 73 73
35 69 80
35 69 81
38 69 78
38 69 79
38 70 79
38 71 79
44 70 67
44 69 67
49 75 68
49 75 67
36 73 70
36 73 69
37 73 72
37 73 71
44 69 68
44 69 69
44 70 69
44 71 69
49 75 66
49 75 65
33 65 66
33 65 67
49 75 64
49 75 63
44 71 68
44 71 67
37 72 71
37 71 71
37 71 72
37 71 73
36 72 69
36 71 69
36 71 70
36 71 71
44 71 68
44 71 69
44 72 69
44 73 69
49 75 62
49 75 61
44 73 68
44 73 67
35 68 81
35 67 81
35 67 82
35 67 83
34 67 70
34 67 71
34 68 71
34 69 71
42 70 59
42 69 59
42 69 60
42 69 61
41 72 59
41 71 59
41 71 60
41 71 61
49 75 60
49 75 59
41 72 61
41 73 61
49 75 58
49 75 57
41 73 60
41 73 59
44 73 66
44 73 65
33 65 68
33 65 69
33 66 69
33 67 69
49 75 56
49 75 55
49 75 54
49 75 53
41 73 58
41 73 57
44 73 64
44 73 63
32 63 64
32 63 65
32 64 65
32 65 65
49 75 52
49 75 51
49 75 50
49 75 49
44 72 63
44 71 63
44 71 64
44 71 65
41 72 57
41 71 57
41 71 58
41 71 59
49 75 48
49 75 47
49 75 46
49 75 45
49 75 44
49 75 43
49 75 42
49 75 41
49 75 40
49 75 39
49 75 38
49 75 37
49 75 36
49 75 35
49 75 34
49 75 33
49 75 32
49 75 31
49 75 30
49 75 29
49 75 28
49 75 27
49 75 26
49 75 25
49 74 25
49 73 25
49 72 25
49 71 25
49 71 26
49 71 27
48 71 6
48 71 7
48 70 7
48 69 7
48 69 8
48 69 9
50 74 1
50 73 1
50 73 2
50 73 3
50 74 3
50 75 3
50 74 3
50 73 3
49 71 26
49 71 25
41 71 58
41 71 57
44 71 64
44 71 63
36 71 70
36 71 69
37 71 72
37 71 71
47 70 95
47 69 95
47 69 96
47 69 97
47 70 97
47 71 97
43 66 93
43 65 93
43 65 94
43 65 95
47 71 96
47 71 95
43 65 96
43 65 97
43 66 97
43 67 97
46 69 88
46 69 87
46 68 87
46 67 87
40 72 87
40 71 87
46 67 86
46 67 85
46 66 85
46 65 85
40 71 86
40 71 85
40 70 85
40 69 85
45 71 84
45 71 85
38 71 80
38 71 81
46 65 84
46 65 83
46 64 83
46 63 83
35 66 83
35 65 83
35 65 84
35 65 85
40 69 84
40 69 83
40 68 83
40 67 83
45 71 84
45 71 83
45 70 83
45 69 83
45 69 84
45 69 85
45 70 85
45 71 85
38 70 81
38 69 81
40 67 84
40 67 85
38 68 81
38 67 81
38 67 82
38 67 83
45 71 84
45 71 83
40 67 86
40 67 87
40 68 87
40 69 87
38 67 84
38 67 85
38 68 85
38 69 85
37 71 72
37 71 73
36 71 70
36 71 71
44 71 64
44 71 65
41 71 58
41 71 59
15 30 29
15 31 29
14 29 28
14 29 29
14 29 30
14 29 31
14 29 32
14 29 33
14 29 34
14 29 35
14 29 36
14 29 37
14 29 38
14 29 39
14 29 40
14 29 41
14 29 42
14 29 43
14 29 44
14 29 45
14 29 46
14 29 47
14 29 48
14 29 49
14 29 50
14 29 51
14 29 52
14 29 53
14 29 54
14 29 55
14 29 56
14 29 57
14 29 58
14 29 59
14 29 60
14 29 61
14 29 62
14 29 63
14 29 64
14 29 65
14 29 66
14 29 67
14 29 68
14 29 69
14 29 70
14 29 71
14 29 72
14 29 73
14 30 73
14 31 73
14 32 73
14 33 73
14 34 73
14 35 73
14 36 73
14 37 73
14 38 73
14 39 73
14 40 73
14 41 73
14 42 73
14 43 73
14 44 73
14 45 73
14 46 73
14 47 73
14 48 73
14 49 73
14 50 73
14 51 73
14 52 73
14 53 73
14 54 73
14 55 73
14 56 73
14 57 73
14 58 73
14 59 73
14 60 73
14 61 73
14 62 73
14 63 73
14 64 73
14 65 73
14 66 73
14 67 73
34 68 71
34 67 71
14 68 73
14 69 73
34 67 72
34 67 73
36 70 71
36 69 71
37 71 72
37 71 71
14 70 73
14 71 73
36 69 72
36 69 73
37 70 71
37 69 71
14 72 73
14 73 73
33 68 69
33 69 69
33 68 69
33 67 69
37 69 70
37 69 69
33 67 70
33 67 71
37 68 69
37 67 69
36 70 73
36 71 73
36 70 73
36 69 73
36 69 74
36 69 75
44 70 65
44 69 65
36 69 74
36 69 73
36 69 74
36 69 75
36 70 75
36 71 75
44 69 66
44 69 67
44 70 67
44 71 67
42 70 61
42 71 61
42 70 61
42 69 61
44 70 67
44 69 67
44 69 68
44 69 69
42 69 62
42 69 63
42 70 63
42 71 63
41 70 59
41 69 59
44 70 69
44 71 69
42 70 63
42 69 63
42 69 64
42 69 65
41 69 60
41 69 61
41 70 61
41 71 61
42 69 64
42 69 63
44 70 69
44 69 69
44 69 70
44 69 71
42 69 64
42 69 65
42 70 65
42 71 65
41 70 61
41 69 61
41 69 62
41 69 63
42 71 64
42 71 63
41 68 63
41 67 63
41 67 64
41 67 65
49 70 25
49 69 25
49 69 26
49 69 27
48 68 9
48 67 9
48 67 8
48 67 7
49 70 27
49 71 27
48 67 8
48 67 9
50 72 3
50 71 3
50 71 4
50 71 5
50 71 4
50 71 3
50 70 3
50 69 3
50 69 2
50 69 1
50 70 1
50 71 1
44 69 70
44 69 69
34 68 73
34 69 73
43 66 97
43 65 97
43 65 98
43 65 99
47 70 95
47 69 95
47 69 96
47 69 97
47 69 96
47 69 95
47 69 94
47 69 93
40 68 87
40 67 87
40 67 88
40 67 89
35 64 85
35 63 85
38 68 85
38 67 85
38 67 86
38 67 87
47 69 92
47 69 91
35 63 86
35 63 87
35 64 87
35 65 87
46 63 84
46 63 85
45 70 83
45 69 83
47 69 90
47 69 89
35 64 87
35 63 87
35 63 88
35 63 89
46 63 86
46 63 87
46 64 87
46 65 87
39 64 81
39 63 81
39 63 82
39 63 83
38 67 86
38 67 85
40 67 88
40 67 87
47 68 89
47 67 89
47 67 90
47 67 91
40 67 88
40 67 89
40 68 89
40 69 89
38 67 86
38 67 87
38 68 87
38 69 87
45 68 83
45 67 83
45 67 84
45 67 85
38 69 86
38 69 85
40 69 88
40 69 87
35 62 89
35 61 89
35 61 90
35 61 91
39 62 83
39 61 83
39 61 84
39 61 85
36 70 75
36 69 75
36 69 76
36 69 77
34 69 74
34 69 75
44 69 70
44 69 71
44 69 70
44 69 69
44 70 69
44 71 69
34 69 74
34 69 73
34 70 73
34 71 73
36 69 76
36 69 75
38 69 84
38 69 83
40 69 86
40 69 85
47 68 91
47 69 91
35 62 91
35 63 91
39 60 85
39 59 85
39 59 86
39 59 87
33 66 71
33 65 71
33 65 72
33 65 73
34 71 72
34 71 71
16 32 31
16 33 31
15 31 30
15 31 31
15 31 32
15 31 33
15 31 34
15 31 35
15 31 36
15 31 37
15 31 38
15 31 39
15 31 40
15 31 41
15 31 42
15 31 43
15 31 44
15 31 45
15 31 46
15 31 47
15 31 48
15 31 49
15 31 50
15 31 51
15 31 52
15 31 53
15 31 54
15 31 55
15 31 56
15 31 57
15 31 58
15 31 59
15 31 60
15 31 61
15 31 62
15 31 63
15 31 64
15 31 65
15 31 66
15 31 67
15 31 68
15 31 69
15 31 70
15 31 71
15 32 71
15 33 71
15 34 71
15 35 71
15 36 71
15 37 71
15 38 71
15 39 71
15 40 71
15 41 71
15 42 71
15 43 71
15 44 71
15 45 71
15 46 71
15 47 71
15 48 71
15 49 71
15 50 71
15 51 71
15 52 71
15 53 71
15 54 71
15 55 71
15 56 71
15 57 71
15 58 71
15 59 71
15 60 71
15 61 71
15 62 71
15 63 71
15 64 71
15 65 71
37 66 69
37 65 69
15 66 71
15 67 71
37 65 70
37 65 71
15 68 71
15 69 71
44 70 69
44 69 69
34 71 70
34 71 69
15 70 71
15 71 71
33 65 74
33 65 75
37 65 72
37 65 73
37 66 73
37 67 73
44 69 68
44 69 67
44 68 67
44 67 67
34 71 68
34 71 67
44 67 68
44 67 69
41 67 66
41 67 67
48 67 10
48 67 11
48 67 10
48 67 9
48 68 9
48 69 9
41 67 66
41 67 65
41 68 65
41 69 65
41 68 65
41 67 65
34 71 66
34 71 65
36 69 74
36 69 73
33 66 75
33 67 75
32 64 65
32 63 65
32 63 66
32 63 67
41 67 64
41 67 63
41 66 63
41 65 63
42 70 63
42 69 63
34 71 64
34 71 63
32 62 67
32 61 67
32 61 68
32 61 69
31 61 62
31 61 63
41 65 62
41 65 61
41 64 61
41 63 61
42 69 62
42 69 61
42 68 61
42 67 61
34 71 62
34 71 61
36 69 72
36 69 71
33 66 75
33 65 75
33 65 76
33 65 77
37 66 73
37 65 73
37 65 74
37 65 75
44 66 69
44 65 69
44 65 70
44 65 71
42 66 61
42 65 61
42 65 62
42 65 63
34 71 60
34 71 59
36 68 71
36 67 71
36 67 72
36 67 73
34 71 58
34 71 57
36 67 72
36 67 71
36 67 72
36 67 73
36 68 73
36 69 73
34 71 56
34 71 55
34 71 54
34 71 53
32 62 69
32 63 69
31 60 63
31 59 63
31 59 64
31 59 65
30 59 60
30 59 61
30 60 61
30 61 61
34 71 52
34 71 51
34 71 50
34 71 49
34 70 49
34 69 49
34 68 49
34 67 49
34 67 50
34 67 51
49 70 27
49 69 27
49 69 26
49 69 25
49 68 25
49 67 25
49 67 24
49 67 23
49 66 23
49 65 23
49 64 23
49 63 23
49 63 24
49 63 25
48 69 10
48 69 11
48 69 12
48 69 13
48 69 12
48 69 11
48 68 11
48 67 11
48 68 11
48 69 11
48 69 10
48 69 9
48 68 9
48 67 9
48 66 9
48 65 9
48 65 10
48 65 11
48 65 12
48 65 13
48 66 13
48 67 13
50 70 1
50 69 1
50 69 2
50 69 3
50 70 3
50 71 3
50 70 3
50 69 3
48 67 12
48 67 11
34 67 50
34 67 49
44 66 71
44 67 71
43 65 98
43 65 97
43 64 97
43 63 97
43 64 97
43 65 97
43 65 96
43 65 95
43 64 95
43 63 95
43 64 95
43 65 95
43 65 94
43 65 93
43 64 93
43 63 93
43 62 93
43 61 93
43 61 94
43 61 95
35 62 91
35 61 91
47 68 91
47 67 91
43 62 95
43 63 95
35 61 90
35 61 89
35 60 89
35 59 89
47 67 90
47 67 89
47 66 89
47 65 89
47 66 89
47 67 89
46 64 87
46 63 87
47 67 88
47 67 87
47 66 87
47 65 87
47 65 88
47 65 89
47 66 89
47 67 89
45 66 85
45 65 85
40 68 85
40 67 85
46 64 87
46 65 87
45 65 84
45 65 83
45 64 83
45 63 83
40 67 84
40 67 83
40 66 83
40 65 83
38 68 83
38 67 83
46 66 87
46 67 87
39 60 87
39 61 87
45 63 82
45 63 81
45 62 81
45 61 81
40 65 82
40 65 81
40 64 81
40 63 81
38 67 82
38 67 81
38 66 81
38 65 81
37 66 75
37 67 75
45 61 80
45 61 79
45 60 79
45 59 79
40 63 80
40 63 79
40 62 79
40 61 79
38 65 80
38 65 79
38 64 79
38 63 79
33 65 78
33 65 79
33 66 79
33 67 79
47 66 89
47 65 89
47 65 90
47 65 91
46 66 87
46 65 87
46 65 88
46 65 89
33 66 79
33 65 79
33 65 80
33 65 81
37 66 75
37 65 75
33 64 81
33 63 81
33 63 82
33 63 83
38 63 80
38 63 81
38 64 81
38 65 81
37 64 75
37 63 75
37 63 76
37 63 77
36 68 73
36 67 73
36 67 74
36 67 75
44 68 71
44 69 71
36 67 74
36 67 73
47 66 91
47 67 91
32 62 69
32 61 69
32 61 70
32 61 71
44 69 70
44 69 69
34 67 50
34 67 51
17 34 33
17 35 33
16 33 32
16 33 33
16 33 34
16 33 35
16 33 36
16 33 37
16 33 38
16 33 39
16 33 40
16 33 41
16 33 42
16 33 43
16 33 44
16 33 45
16 33 46
16 33 47
16 33 48
16 33 49
16 33 50
16 33 51
16 33 52
16 33 53
16 33 54
16 33 55
16 33 56
16 33 57
16 33 58
16 33 59
16 33 60
16 33 61
16 33 62
16 33 63
16 33 64
16 33 65
16 33 66
16 33 67
16 33 68
16 33 69
16 34 69
16 35 69
16 36 69
16 37 69
16 38 69
16 39 69
16 40 69
16 41 69
16 42 69
16 43 69
16 44 69
16 45 69
16 46 69
16 47 69
16 48 69
16 49 69
16 50 69
16 51 69
16 52 69
16 53 69
16 54 69
16 55 69
16 56 69
16 57 69
16 58 69
16 59 69
16 60 69
16 61 69
16 62 69
16 63 69
16 64 69
16 65 69
16 66 69
16 67 69
44 69 68
44 69 67
16 68 69
16 69 69
31 60 65
31 61 65
31 60 65
31 59 65
31 59 66
31 59 67
44 69 66
44 69 65
36 67 72
36 67 71
47 67 90
47 67 89
43 64 95
43 65 95
46 64 89
46 63 89
46 63 90
46 63 91
33 63 84
33 63 85
33 64 85
33 65 85
38 64 81
38 63 81
38 63 82
38 63 83
37 63 78
37 63 79
37 64 79
37 65 79
42 64 63
42 63 63
44 69 64
44 69 63
34 67 52
34 67 53
34 67 52
34 67 51
34 68 51
34 69 51
44 68 63
44 67 63
44 67 62
44 67 61
36 67 70
36 67 69
37 66 79
37 67 79
42 63 64
42 63 65
42 64 65
42 65 65
41 63 62
41 63 63
41 64 63
41 65 63
44 67 60
44 67 59
44 66 59
44 65 59
36 67 68
36 67 67
42 64 65
42 63 65
42 63 66
42 63 67
41 64 63
41 63 63
41 63 64
41 63 65
44 64 59
44 63 59
44 63 60
44 63 61
29 57 58
29 57 59
29 58 59
29 59 59
36 66 67
36 65 67
36 65 68
36 65 69
36 66 69
36 67 69
28 55 56
28 55 57
28 56 57
28 57 57
34 68 51
34 67 51
34 67 50
34 67 49
34 66 49
34 65 49
34 65 50
34 65 51
34 66 51
34 67 51
34 66 51
34 65 51
34 65 52
34 65 53
34 66 53
34 67 53
34 67 52
34 67 51
49 62 25
49 61 25
49 61 26
49 61 27
48 66 11
48 65 11
48 65 12
48 65 13
48 66 13
48 67 13
50 68 3
50 67 3
50 67 4
50 67 5
43 65 96
43 65 97
43 65 96
43 65 95
43 64 95
43 63 95
43 63 94
43 63 93
43 62 93
43 61 93
43 60 93
43 59 93
43 59 94
43 59 95
46 62 91
46 61 91
46 61 92
46 61 93
46 61 94
46 61 95
46 62 95
46 63 95
47 66 89
47 65 89
39 61 88
39 61 89
47 65 88
47 65 87
47 64 87
47 63 87
46 64 95
46 65 95
43 59 96
43 59 97
35 59 90
35 59 91
39 60 89
39 59 89
35 60 91
35 61 91
39 59 90
39 59 91
47 63 86
47 63 85
47 62 85
47 61 85
33 64 85
33 63 85
33 63 86
33 63 87
46 65 94
46 65 93
35 61 92
35 61 93
35 62 93
35 63 93
33 62 87
33 61 87
33 61 88
33 61 89
47 61 86
47 61 87
47 62 87
47 63 87
38 62 83
38 61 83
38 61 82
38 61 81
38 60 81
38 59 81
39 59 92
39 59 93
33 60 89
33 59 89
33 59 90
33 59 91
38 59 82
38 59 83
38 60 83
38 61 83
45 59 80
45 59 81
40 60 79
40 59 79
37 66 79
37 65 79
46 65 92
46 65 91
35 64 93
35 65 93
39 59 94
39 59 95
33 59 92
33 59 93
33 60 93
33 61 93
38 60 83
38 59 83
38 59 84
38 59 85
45 59 82
45 59 83
45 60 83
45 61 83
40 59 80
40 59 81
40 60 81
40 61 81
37 65 78
37 65 77
37 64 77
37 63 77
37 63 78
37 63 79
45 62 83
45 63 83
38 60 85
38 61 85
40 60 81
40 59 81
40 59 82
40 59 83
32 60 71
32 59 71
46 65 90
46 65 89
40 58 83
40 57 83
40 57 84
40 57 85
32 58 71
32 57 71
32 57 72
32 57 73
36 66 69
36 65 69
42 62 67
42 61 67
36 65 68
36 65 67
36 64 67
36 63 67
18 36 35
18 37 35
17 35 34
17 35 35
17 35 36
17 35 37
17 35 38
17 35 39
17 35 40
17 35 41
17 35 42
17 35 43
17 35 44
17 35 45
17 35 46
17 35 47
17 35 48
17 35 49
17 35 50
17 35 51
17 35 52
17 35 53
17 35 54
17 35 55
17 35 56
17 35 57
17 35 58
17 35 59
17 35 60
17 35 61
17 35 62
17 35 63
17 35 64
17 35 65
17 35 66
17 35 67
17 36 67
17 37 67
17 38 67
17 39 67
17 40 67
17 41 67
17 42 67
17 43 67
17 44 67
17 45 67
17 46 67
17 47 67
17 48 67
17 49 67
17 50 67
17 51 67
17 52 67
17 53 67
17 54 67
17 55 67
17 56 67
17 57 67
31 59 66
31 59 65
17 58 67
17 59 67
31 58 65
31 57 65
42 61 66
42 61 65
17 60 67
17 61 67
42 60 65
42 59 65
41 62 65
41 61 65
36 63 66
36 63 65
17 62 67
17 63 67
41 61 66
41 61 67
36 62 65
36 61 65
17 64 67
17 65 67
17 66 67
17 67 67
45 64 83
45 65 83
38 62 85
38 63 85
37 62 79
37 61 79
37 61 80
37 61 81
41 61 68
41 61 69
41 62 69
41 63 69
36 61 66
36 61 67
36 62 67
36 63 67
45 65 82
45 65 81
37 60 81
37 59 81
37 59 82
37 59 83
42 59 66
42 59 67
42 60 67
42 61 67
30 60 61
30 59 61
44 62 61
44 61 61
44 61 62
44 61 63
41 62 69
41 61 69
41 61 70
41 61 71
42 61 68
42 61 69
36 62 67
36 61 67
42 62 69
42 63 69
36 61 68
36 61 69
44 61 64
44 61 65
44 62 65
44 63 65
44 64 65
44 65 65
31 57 66
31 57 67
30 58 61
30 57 61
30 57 62
30 57 63
29 58 59
29 57 59
29 57 60
29 57 61
28 57 58
28 57 59
28 58 59
28 59 59
34 66 51
34 65 51
42 64 69
42 65 69
44 64 65
44 63 65
44 63 66
44 63 67
34 64 51
34 63 51
34 63 52
34 63 53
34 64 53
34 65 53
34 65 52
34 65 51
34 65 50
34 65 49
27 53 54
27 53 55
27 54 55
27 55 55
34 65 48
34 65 47
28 59 60
28 59 61
34 65 46
34 65 45
34 65 44
34 65 43
34 65 42
34 65 41
49 60 27
49 59 27
48 66 13
48 65 13
48 64 13
48 63 13
48 63 14
48 63 15
50 66 5
50 65 5
50 64 5
50 63 5
50 64 5
50 65 5
50 65 4
50 65 3
50 64 3
50 63 3
50 63 2
50 63 1
50 64 1
50 65 1
48 63 14
48 63 13
44 63 66
44 63 65
36 62 69
36 63 69
43 58 97
43 57 97
43 57 98
43 57 99
39 58 95
39 57 95
39 57 96
39 57 97
33 60 93
33 59 93
33 59 94
33 59 95
35 64 93
35 63 93
35 63 94
35 63 95
47 63 88
47 63 89
38 63 86
38 63 87
36 63 70
36 63 71
44 63 66
44 63 67
29 57 60
29 57 59
28 58 61
28 57 61
29 58 59
29 59 59
28 57 60
28 57 59
30 57 62
30 57 61
30 58 61
30 59 61
31 57 66
31 57 65
31 58 65
31 59 65
32 57 72
32 57 71
32 58 71
32 59 71
37 58 83
37 57 83
37 57 82
37 57 81
40 57 84
40 57 83
40 58 83
40 59 83
35 63 94
35 63 93
43 58 99
43 59 99
39 57 98
39 57 99
33 58 95
33 57 95
33 57 96
33 57 97
47 62 89
47 61 89
47 61 90
47 61 91
46 64 89
46 63 89
35 63 92
35 63 91
38 62 87
38 61 87
46 63 88
46 63 87
38 61 88
38 61 89
46 62 87
46 61 87
38 62 89
38 63 89
46 61 88
46 61 89
38 63 88
38 63 87
35 63 90
35 63 89
47 62 91
47 63 91
46 60 89
46 59 89
46 59 90
46 59 91
40 59 84
40 59 85
38 63 86
38 63 85
35 63 88
35 63 87
37 56 81
37 55 81
45 64 81
45 63 81
45 63 82
45 63 83
36 63 72
36 63 73
44 63 68
44 63 69
37 55 80
37 55 79
37 54 79
37 53 79
45 63 82
45 63 81
38 63 84
38 63 83
35 63 86
35 63 85
47 63 90
47 63 89
46 59 92
46 59 93
46 60 93
46 61 93
40 59 86
40 59 87
40 60 87
40 61 87
45 63 80
45 63 79
38 63 82
38 63 81
35 63 84
35 63 83
36 62 73
36 61 73
36 61 74
36 61 75
37 54 79
37 55 79
32 58 71
32 57 71
32 57 72
32 57 73
41 60 71
41 59 71
41 59 72
41 59 73
36 61 74
36 61 73
40 62 87
40 63 87
35 62 83
35 61 83
35 61 84
35 61 85
38 62 81
38 61 81
38 61 82
38 61 83
45 62 79
45 61 79
45 61 80
45 61 81
36 61 74
36 61 75
36 62 75
36 63 75
44 62 69
44 61 69
42 64 69
42 63 69
36 63 74
36 63 73
37 56 79
37 57 79
32 56 73
32 55 73
32 55 74
32 55 75
44 61 68
44 61 67
44 60 67
44 59 67
42 63 68
42 63 67
42 62 67
42 61 67
36 63 72
36 63 71
38 62 83
38 63 83
37 57 80
37 57 81
37 58 81
37 59 81
41 58 73
41 57 73
41 57 74
41 57 75
44 58 67
44 57 67
44 57 68
44 57 69
31 58 65
31 57 65
42 61 66
42 61 65
42 60 65
42 59 65
19 38 37
19 39 37
18 37 36
18 37 37
18 37 38
18 37 39
18 37 40
18 37 41
18 37 42
18 37 43
18 37 44
18 37 45
18 37 46
18 37 47
18 37 48
18 37 49
18 37 50
18 37 51
18 37 52
18 37 53
18 37 54
18 37 55
18 37 56
18 37 57
18 37 58
18 37 59
18 37 60
18 37 61
18 37 62
18 37 63
18 37 64
18 37 65
18 38 65
18 39 65
18 40 65
18 41 65
18 42 65
18 43 65
18 44 65
18 45 65
18 46 65
18 47 65
18 48 65
18 49 65
18 50 65
18 51 65
18 52 65
18 53 65
18 54 65
18 55 65
31 57 64
31 57 63
18 56 65
18 57 65
31 56 63
31 55 63
42 59 64
42 59 63
18 58 65
18 59 65
42 58 63
42 57 63
18 60 65
18 61 65
18 62 65
18 63 65
18 64 65
18 65 65
36 63 70
36 63 69
32 55 76
32 55 77
41 56 75
41 55 75
32 56 77
32 57 77
41 55 76
41 55 77
44 56 69
44 55 69
44 55 70
44 55 71
31 55 64
31 55 65
42 56 63
42 55 63
31 56 65
31 57 65
42 55 64
42 55 65
30 58 61
30 57 61
30 57 62
30 57 63
36 63 68
36 63 67
29 59 60
29 59 61
36 63 66
36 63 65
29 59 62
29 59 63
29 60 63
29 61 63
29 62 63
29 63 63
31 58 65
31 59 65
30 57 64
30 57 65
28 57 60
28 57 61
28 58 61
28 59 61
29 63 62
29 63 61
31 60 65
31 61 65
28 59 62
28 59 63
28 60 63
28 61 63
34 64 41
34 63 41
34 63 40
34 63 39
29 63 60
29 63 59
36 63 64
36 63 63
31 60 65
31 59 65
31 59 66
31 59 67
28 60 63
28 59 63
28 59 64
28 59 65
36 62 63
36 61 63
36 61 64
36 61 65
29 62 59
29 61 59
29 61 60
29 61 61
34 62 39
34 61 39
34 61 38
34 61 37
29 62 61
29 63 61
34 60 37
34 59 37
34 59 38
34 59 39
34 59 40
34 59 41
34 58 41
34 57 41
34 57 42
34 57 43
34 57 44
34 57 45
34 58 45
34 59 45
49 58 27
49 57 27
49 57 28
49 57 29
49 57 30
49 57 31
49 58 31
49 59 31
49 59 32
49 59 33
49 60 33
49 61 33
48 63 14
48 63 15
48 62 15
48 61 15
48 61 16
48 61 17
48 62 17
48 63 17
50 64 1
50 63 1
50 63 2
50 63 3
50 64 3
50 65 3
50 64 3
50 63 3
49 61 32
49 61 31
36 61 64
36 61 63
33 56 97
33 55 97
39 57 98
39 57 97
33 55 98
33 55 99
39 56 97
39 55 97
43 59 98
43 59 97
43 58 97
43 57 97
39 55 96
39 55 95
39 54 95
39 53 95
43 57 96
43 57 95
43 56 95
43 55 95
43 56 95
43 57 95
39 54 95
39 55 95
39 55 94
39 55 93
39 54 93
39 53 93
43 57 94
43 57 93
43 56 93
43 55 93
46 60 93
46 59 93
46 59 94
46 59 95
43 56 93
43 57 93
39 54 93
39 55 93
39 55 92
39 55 91
39 54 91
39 53 91
43 57 92
43 57 91
43 56 91
43 55 91
39 53 90
39 53 89
39 52 89
39 51 89
43 55 90
43 55 89
43 54 89
43 53 89
47 62 89
47 61 89
39 51 90
39 51 91
43 52 89
43 51 89
39 52 91
39 53 91
43 51 90
43 51 91
47 61 88
47 61 87
47 60 87
47 59 87
40 62 87
40 61 87
40 61 88
40 61 89
35 61 86
35 61 87
45 61 82
45 61 83
45 61 82
45 61 81
38 62 83
38 61 83
45 62 81
45 63 81
38 61 82
38 61 81
35 61 86
35 61 85
35 62 85
35 63 85
35 63 84
35 63 83
38 61 82
38 61 83
36 61 64
36 61 65
29 62 61
29 61 61
29 61 60
29 61 59
36 61 64
36 61 63
36 62 63
36 63 63
45 62 81
45 61 81
45 61 80
45 61 79
38 61 82
38 61 81
35 62 83
35 61 83
38 62 81
38 63 81
35 61 82
35 61 81
40 61 88
40 61 87
46 58 95
46 57 95
46 57 96
46 57 97
47 58 87
47 57 87
47 57 88
47 57 89
37 58 81
37 57 81
37 57 82
37 57 83
45 60 79
45 59 79
35 61 80
35 61 79
45 59 80
45 59 81
35 60 79
35 59 79
38 63 80
38 63 79
32 58 77
32 59 77
41 56 77
41 57 77
41 56 77
41 55 77
41 55 78
41 55 79
32 58 77
32 57 77
35 59 78
35 59 77
32 57 78
32 57 79
35 58 77
35 57 77
38 63 78
38 63 77
41 54 79
41 53 79
41 53 80
41 53 81
35 57 76
35 57 75
35 56 75
35 55 75
38 63 76
38 63 75
40 61 86
40 61 85
47 57 90
47 57 91
37 57 84
37 57 85
37 58 85
37 59 85
45 58 81
45 57 81
45 57 82
45 57 83
32 57 80
32 57 81
32 58 81
32 59 81
38 63 74
38 63 73
32 59 80
32 59 79
37 59 84
37 59 83
40 60 85
40 59 85
40 59 86
40 59 87
37 59 84
37 59 85
37 60 85
37 61 85
32 59 80
32 59 81
32 60 81
32 61 81
38 63 72
38 63 71
28 60 65
28 61 65
30 58 65
30 59 65
42 56 65
42 57 65
44 55 70
44 55 69
44 54 69
44 53 69
38 63 70
38 63 69
32 61 80
32 61 79
37 61 84
37 61 83
47 57 92
47 57 93
40 58 87
40 57 87
40 57 88
40 57 89
45 57 84
45 57 85
45 58 85
45 59 85
31 58 67
31 57 67
38 63 68
38 63 67
32 61 78
32 61 77
37 61 82
37 61 81
40 57 90
40 57 91
45 58 85
45 57 85
45 57 86
45 57 87
31 57 68
31 57 69
31 58 69
31 59 69
42 57 66
42 57 67
30 58 65
30 57 65
28 60 65
28 59 65
28 59 66
28 59 67
38 63 66
38 63 65
29 61 60
29 61 61
29 61 60
29 61 59
29 62 59
29 63 59
36 62 63
36 61 63
36 61 62
36 61 61
38 62 65
38 61 65
36 61 62
36 61 63
20 40 39
20 41 39
19 39 38
19 39 39
19 39 40
19 39 41
19 39 42
19 39 43
19 39 44
19 39 45
19 39 46
19 39 47
19 39 48
19 39 49
19 39 50
19 39 51
19 39 52
19 39 53
19 39 54
19 39 55
19 39 56
19 39 57
19 39 58
19 39 59
19 39 60
19 39 61
19 39 62
19 39 63
19 40 63
19 41 63
19 42 63
19 43 63
19 44 63
19 45 63
19 46 63
19 47 63
19 48 63
19 49 63
19 50 63
19 51 63
19 52 63
19 53 63
19 54 63
19 55 63
19 56 63
19 57 63
19 58 63
19 59 63
36 61 62
36 61 61
19 60 63
19 61 63
36 60 61
36 59 61
19 62 63
19 63 63
38 61 64
38 61 63
32 61 76
32 61 75
41 54 81
41 55 81
35 54 75
35 53 75
35 53 76
35 53 77
44 53 70
44 53 71
44 54 71
44 55 71
36 59 60
36 59 59
36 58 59
36 57 59
29 62 59
29 61 59
38 61 62
38 61 61
32 61 74
32 61 73
37 61 80
37 61 79
41 55 82
41 55 83
41 56 83
41 57 83
44 55 72
44 55 73
44 56 73
44 57 73
42 56 67
42 55 67
42 55 68
42 55 69
30 56 65
30 55 65
30 55 66
30 55 67
36 56 59
36 55 59
36 55 60
36 55 61
29 61 58
29 61 57
29 60 57
29 59 57
29 59 58
29 59 59
38 61 60
38 61 59
32 61 72
32 61 71
37 61 78
37 61 77
35 53 78
35 53 79
35 54 79
35 55 79
42 54 69
42 53 69
42 53 70
42 53 71
30 54 67
30 53 67
30 53 68
30 53 69
36 54 61
36 53 61
36 53 62
36 53 63
27 54 55
27 53 55
27 53 56
27 53 57
38 61 58
38 61 57
32 61 70
32 61 69
37 61 76
37 61 75
44 57 74
44 57 75
44 58 75
44 59 75
31 58 69
31 57 69
31 57 70
31 57 71
28 58 67
28 57 67
28 57 68
28 57 69
29 58 59
29 57 59
29 57 60
29 57 61
38 61 56
38 61 55
29 56 61
29 55 61
29 55 62
29 55 63
38 61 54
38 61 53
34 58 45
34 57 45
38 60 53
38 59 53
38 59 54
38 59 55
32 61 68
32 61 67
42 52 71
42 51 71
42 51 72
42 51 73
30 52 69
30 51 69
30 51 70
30 51 71
36 52 63
36 51 63
36 51 64
36 51 65
27 52 57
27 51 57
27 51 58
27 51 59
26 51 52
26 51 53
26 52 53
26 53 53
34 56 45
34 55 45
34 55 46
34 55 47
34 54 47
34 53 47
34 53 48
34 53 49
49 60 31
49 59 31
49 59 32
49 59 33
49 58 33
49 57 33
49 57 34
49 57 35
49 57 36
49 57 37
49 58 37
49 59 37
48 62 17
48 61 17
48 61 16
48 61 15
48 60 15
48 59 15
48 59 14
48 59 13
48 58 13
48 57 13
48 56 13
48 55 13
48 55 14
48 55 15
50 62 3
50 61 3
50 61 4
50 61 5
50 61 4
50 61 3
50 60 3
50 59 3
50 59 2
50 59 1
50 60 1
50 61 1
49 59 36
49 59 35
38 59 54
38 59 53
28 58 69
28 59 69
33 55 98
33 55 97
33 54 97
33 53 97
46 56 97
46 55 97
46 55 98
46 55 99
33 53 96
33 53 95
33 52 95
33 51 95
33 51 94
33 51 93
33 50 93
33 49 93
47 56 93
47 55 93
47 55 94
47 55 95
43 51 92
43 51 93
39 52 91
39 51 91
40 56 91
40 55 91
40 55 92
40 55 93
40 56 93
40 57 93
43 51 94
43 51 95
39 51 92
39 51 93
39 52 93
39 53 93
45 56 87
45 55 87
45 55 88
45 55 89
47 56 95
47 57 95
43 52 95
43 53 95
33 49 94
33 49 95
33 50 95
33 51 95
39 54 93
39 55 93
45 54 89
45 53 89
45 53 90
45 53 91
41 56 83
41 55 83
41 55 84
41 55 85
40 58 93
40 59 93
39 56 93
39 57 93
41 54 85
41 53 85
41 53 86
41 53 87
35 54 79
35 53 79
35 53 78
35 53 77
35 52 77
35 51 77
39 57 92
39 57 91
47 57 94
47 57 93
47 57 94
47 57 95
40 58 93
40 57 93
47 58 95
47 59 95
40 57 94
40 57 95
39 57 92
39 57 93
39 58 93
39 59 93
44 58 75
44 57 75
37 60 75
37 59 75
39 59 92
39 59 91
47 59 94
47 59 93
40 58 95
40 59 95
43 54 95
43 55 95
33 52 95
33 53 95
42 50 73
42 49 73
42 49 74
42 49 75
44 57 74
44 57 73
44 56 73
44 55 73
37 59 74
37 59 73
37 58 73
37 57 73
37 57 74
37 57 75
37 58 75
37 59 75
31 57 72
31 57 73
37 59 74
37 59 73
44 55 74
44 55 75
31 56 73
31 55 73
44 56 75
44 57 75
31 55 74
31 55 75
28 58 69
28 57 69
28 57 70
28 57 71
28 58 71
28 59 71
30 51 72
30 51 73
32 60 67
32 59 67
37 58 73
37 57 73
44 58 75
44 59 75
37 57 74
37 57 75
28 58 71
28 57 71
28 57 72
28 57 73
32 58 67
32 57 67
32 57 68
32 57 69
32 57 68
32 57 67
28 57 72
28 57 71
37 57 74
37 57 73
44 58 75
44 57 75
44 57 76
44 57 77
37 57 74
37 57 75
37 58 75
37 59 75
28 57 72
28 57 73
28 58 73
28 59 73
32 57 68
32 57 69
32 58 69
32 59 69
32 59 68
32 59 67
29 55 64
29 55 65
29 56 65
29 57 65
38 59 54
38 59 55
21 42 41
21 43 41
20 41 40
20 41 41
20 41 42
20 41 43
20 41 44
20 41 45
20 41 46
20 41 47
20 41 48
20 41 49
20 41 50
20 41 51
20 41 52
20 41 53
20 41 54
20 41 55
20 41 56
20 41 57
20 41 58
20 41 59
20 41 60
20 41 61
20 42 61
20 43 61
20 44 61
20 45 61
20 46 61
20 47 61
20 48 61
20 49 61
27 50 59
27 49 59
20 50 61
20 51 61
27 49 60
27 49 61
20 52 61
20 53 61
20 54 61
20 55 61
20 56 61
20 57 61
20 58 61
20 59 61
20 60 61
20 61 61
29 57 64
29 57 63
37 58 75
37 57 75
44 58 77
44 59 77
37 57 76
37 57 77
28 58 73
28 57 73
28 57 74
28 57 75
32 58 67
32 57 67
32 57 68
32 57 69
29 57 64
29 57 65
29 58 65
29 59 65
29 59 64
29 59 63
36 51 66
36 51 67
38 58 55
38 57 55
38 57 56
38 57 57
49 59 36
49 59 37
49 59 36
49 59 35
49 60 35
49 61 35
29 59 62
29 59 61
38 56 57
38 55 57
38 55 58
38 55 59
38 55 60
38 55 61
25 48 49
25 47 49
25 47 50
25 47 51
24 47 48
24 47 49
24 48 49
24 49 49
29 59 60
29 59 59
38 56 61
38 57 61
27 49 62
27 49 63
24 49 50
24 49 51
24 50 51
24 51 51
26 53 54
26 53 55
26 54 55
26 55 55
34 53 50
34 53 51
34 54 51
34 55 51
49 60 35
49 59 35
49 58 35
49 57 35
49 57 36
49 57 37
49 57 36
49 57 35
29 58 59
29 57 59
38 58 61
38 59 61
29 57 60
29 57 61
49 57 36
49 57 37
49 58 37
49 59 37
49 59 36
49 59 35
49 59 34
49 59 33
49 59 32
49 59 31
34 56 51
34 57 51
49 58 31
49 57 31
49 57 32
49 57 33
48 54 15
48 53 15
50 60 1
50 59 1
50 59 2
50 59 3
50 60 3
50 61 3
50 60 3
50 59 3
49 57 32
49 57 31
34 57 50
34 57 49
29 57 60
29 57 59
32 57 68
32 57 67
46 55 98
46 55 97
46 54 97
46 53 97
43 56 95
43 57 95
33 54 95
33 55 95
46 53 96
46 53 95
46 52 95
46 51 95
33 54 95
33 53 95
33 53 96
33 53 97
43 56 95
43 55 95
43 55 96
43 55 97
40 58 95
40 57 95
43 56 97
43 57 97
33 54 97
33 55 97
46 51 94
46 51 93
46 50 93
46 49 93
40 57 94
40 57 93
40 56 93
40 55 93
47 58 93
47 57 93
47 57 94
47 57 95
41 54 87
41 55 87
45 52 91
45 51 91
39 59 90
39 59 89
41 54 87
41 53 87
39 59 88
39 59 87
37 57 78
37 57 79
28 57 76
28 57 77
32 57 68
32 57 69
29 57 60
29 57 61
36 51 66
36 51 65
36 52 65
36 53 65
30 51 72
30 51 71
30 52 71
30 53 71
35 51 76
35 51 75
35 52 75
35 53 75
41 52 87
41 51 87
39 59 86
39 59 85
39 59 84
39 59 83
39 59 82
39 59 81
37 57 80
37 57 81
28 57 78
28 57 79
32 57 70
32 57 71
36 53 64
36 53 63
30 53 70
30 53 69
30 54 69
30 55 69
35 53 74
35 53 73
31 54 75
31 53 75
35 54 73
35 55 73
31 53 74
31 53 73
28 56 79
28 55 79
37 57 80
37 57 79
28 55 80
28 55 81
37 56 79
37 55 79
39 59 80
39 59 79
32 57 72
32 57 73
29 57 62
29 57 63
37 55 78
37 55 77
37 54 77
37 53 77
44 58 77
44 57 77
39 59 78
39 59 77
28 55 80
28 55 79
40 56 93
40 57 93
28 55 80
28 55 81
28 56 81
28 57 81
44 56 77
44 55 77
44 55 78
44 55 79
39 59 76
39 59 75
28 57 80
28 57 79
42 49 76
42 49 77
42 50 77
42 51 77
31 52 73
31 51 73
31 51 74
31 51 75
35 54 73
35 53 73
35 53 74
35 53 75
32 56 73
32 55 73
32 55 74
32 55 75
39 59 74
39 59 73
28 57 78
28 57 77
39 59 72
39 59 71
28 57 76
28 57 75
45 52 91
45 53 91
46 50 93
46 51 93
41 50 87
41 49 87
41 49 88
41 49 89
42 50 77
42 49 77
42 49 78
42 49 79
31 50 75
31 49 75
31 49 76
31 49 77
30 54 69
30 53 69
30 53 70
30 53 71
39 59 70
39 59 69
39 59 68
39 59 67
32 55 74
32 55 73
44 55 78
44 55 77
44 55 78
44 55 79
44 56 79
44 57 79
28 56 75
28 55 75
28 55 76
28 55 77
32 55 74
32 55 75
32 56 75
32 57 75
39 59 66
39 59 65
32 57 74
32 57 73
44 57 78
44 57 77
37 53 78
37 53 79
28 54 77
28 53 77
37 54 79
37 55 79
28 53 78
28 53 79
35 53 76
35 53 77
35 54 77
35 55 77
30 53 72
30 53 73
30 54 73
30 55 73
36 53 64
36 53 65
29 56 63
29 55 63
29 55 64
29 55 65
39 59 64
39 59 63
29 56 65
29 57 65
26 55 56
26 55 57
26 55 56
26 55 55
26 56 55
26 57 55
38 58 61
38 57 61
39 59 62
39 59 61
30 55 72
30 55 71
35 55 76
35 55 75
44 56 77
44 55 77
37 56 79
37 57 79
44 55 78
44 55 79
35 55 76
35 55 77
35 56 77
35 57 77
32 56 73
32 55 73
32 55 74
32 55 75
30 55 72
30 55 73
30 56 73
30 57 73
29 56 65
29 55 65
29 55 66
29 55 67
38 56 61
38 55 61
38 55 62
38 55 63
39 59 60
39 59 59
26 57 56
26 57 57
34 57 50
34 57 51
22 44 43
22 45 43
21 43 42
21 43 43
21 43 44
21 43 45
21 43 46
21 43 47
21 43 48
21 43 49
21 43 50
21 43 51
21 43 52
21 43 53
21 43 54
21 43 55
21 43 56
21 43 57
21 43 58
21 43 59
21 44 59
21 45 59
21 46 59
21 47 59
21 48 59
21 49 59
21 50 59
21 51 59
21 52 59
21 53 59
21 54 59
21 55 59
26 56 57
26 55 57
21 56 59
21 57 59
26 55 58
26 55 59
39 59 58
39 59 57
21 58 59
21 59 59
26 56 59
26 57 59
38 55 62
38 55 61
29 55 66
29 55 65
29 55 66
29 55 67
29 56 67
29 57 67
38 55 62
38 55 63
38 56 63
38 57 63
26 56 59
26 55 59
26 55 60
26 55 61
39 59 56
39 59 55
38 57 62
38 57 61
29 57 66
29 57 65
36 52 65
36 51 65
36 51 66
36 51 67
39 59 54
39 59 53
38 57 60
38 57 59
29 57 64
29 57 63
36 51 68
36 51 69
36 52 69
36 53 69
24 51 52
24 51 53
34 56 51
34 55 51
34 55 52
34 55 53
39 59 52
39 59 51
24 52 53
24 53 53
39 59 50
39 59 49
38 57 58
38 57 57
29 57 62
29 57 61
26 54 61
26 53 61
26 53 62
26 53 63
24 53 54
24 53 55
34 54 53
34 53 53
24 54 55
24 55 55
34 53 54
34 53 55
39 59 48
39 59 47
24 55 54
24 55 53
29 56 61
29 55 61
29 55 62
29 55 63
38 56 57
38 55 57
38 55 58
38 55 59
24 55 54
24 55 55
24 56 55
24 57 55
39 59 46
39 59 45
39 58 45
39 57 45
39 57 44
39 57 43
34 54 55
34 55 55
39 57 42
39 57 41
39 56 41
39 55 41
49 57 32
49 57 33
49 57 32
49 57 31
49 58 31
49 59 31
24 57 54
24 57 53
36 54 69
36 55 69
27 49 64
27 49 65
27 50 65
27 51 65
39 55 40
39 55 39
39 55 40
39 55 41
39 56 41
39 57 41
49 58 31
49 57 31
39 57 40
39 57 39
24 57 52
24 57 51
25 47 52
25 47 53
25 48 53
25 49 53
49 57 30
49 57 29
49 56 29
49 55 29
49 54 29
49 53 29
49 53 30
49 53 31
49 53 32
49 53 33
48 53 16
48 53 17
48 54 17
48 55 17
48 55 16
48 55 15
48 55 16
48 55 17
48 56 17
48 57 17
50 58 3
50 57 3
50 57 2
50 57 1
50 56 1
50 55 1
50 56 1
50 57 1
50 57 2
50 57 3
50 56 3
50 55 3
50 55 2
50 55 1
34 55 54
34 55 53
38 55 58
38 55 57
29 55 62
29 55 61
36 55 68
36 55 67
33 54 97
33 53 97
33 53 98
33 53 99
43 56 97
43 55 97
43 55 98
43 55 99
47 56 95
47 55 95
46 50 93
46 49 93
46 49 94
46 49 95
47 55 94
47 55 93
47 54 93
47 53 93
40 56 93
40 55 93
40 55 94
40 55 95
45 54 91
45 55 91
47 53 92
47 53 91
47 52 91
47 51 91
45 54 91
45 53 91
45 53 92
45 53 93
45 54 93
45 55 93
46 50 95
46 51 95
47 50 91
47 49 91
47 49 92
47 49 93
41 49 90
41 49 91
40 54 95
40 53 95
40 53 96
40 53 97
45 54 93
45 53 93
45 53 94
45 53 95
45 54 95
45 55 95
46 52 95
46 53 95
47 48 93
47 47 93
47 47 94
47 47 95
41 48 91
41 47 91
41 47 92
41 47 93
42 49 80
42 49 81
28 52 79
28 51 79
28 51 80
28 51 81
44 54 79
44 53 79
44 53 80
44 53 81
37 56 79
37 55 79
42 49 82
42 49 83
28 50 81
28 49 81
42 50 83
42 51 83
28 49 82
28 49 83
31 49 78
31 49 79
37 55 78
37 55 77
37 54 77
37 53 77
35 56 77
35 55 77
35 55 78
35 55 79
32 55 76
32 55 77
36 55 68
36 55 69
29 55 62
29 55 63
37 53 76
37 53 75
37 52 75
37 51 75
32 55 76
32 55 75
32 54 75
32 53 75
44 53 80
44 53 79
44 53 80
44 53 81
35 54 79
35 53 79
44 54 81
44 55 81
35 53 80
35 53 81
32 53 76
32 53 77
32 54 77
32 55 77
30 56 73
30 55 73
30 55 74
30 55 75
36 55 70
36 55 71
29 55 64
29 55 65
36 54 71
36 53 71
36 53 72
36 53 73
30 55 74
30 55 73
37 52 75
37 53 75
30 55 72
30 55 71
37 54 75
37 55 75
36 52 73
36 51 73
36 51 74
36 51 75
30 55 70
30 55 69
37 55 74
37 55 73
32 55 76
32 55 75
44 55 80
44 55 79
28 48 83
28 47 83
28 47 84
28 47 85
31 48 79
31 47 79
31 47 80
31 47 81
27 50 65
27 49 65
27 49 66
27 49 67
29 54 65
29 53 65
29 53 66
29 53 67
29 54 67
29 55 67
32 54 75
32 53 75
32 53 76
32 53 77
37 54 73
37 53 73
37 53 74
37 53 75
30 54 69
30 53 69
30 53 70
30 53 71
29 54 67
29 53 67
29 53 68
29 53 69
26 53 64
26 53 65
26 54 65
26 55 65
26 55 64
26 55 63
26 55 62
26 55 61
27 48 67
27 47 67
27 47 68
27 47 69
38 54 57
38 53 57
38 53 58
38 53 59
34 55 54
34 55 55
23 46 45
23 47 45
22 45 44
22 45 45
22 45 46
22 45 47
22 45 48
22 45 49
22 45 50
22 45 51
22 45 52
22 45 53
22 45 54
22 45 55
22 45 56
22 45 57
22 46 57
22 47 57
22 48 57
22 49 57
22 50 57
22 51 57
22 52 57
22 53 57
34 54 55
34 53 55
22 54 57
22 55 57
34 53 56
34 53 57
22 56 57
22 57 57
26 55 60
26 55 59
32 54 77
32 55 77
36 51 76
36 51 77
37 52 75
37 51 75
36 52 77
36 53 77
37 51 76
37 51 77
30 52 71
30 51 71
30 51 72
30 51 73
29 52 69
29 51 69
29 51 70
29 51 71
38 52 59
38 51 59
38 51 60
38 51 61
34 52 57
34 51 57
34 51 58
34 51 59
26 54 59
26 53 59
26 53 60
26 53 61
24 56 51
24 55 51
25 50 53
25 51 53
24 55 50
24 55 49
24 54 49
24 53 49
27 46 69
27 45 69
27 45 70
27 45 71
24 53 48
24 53 47
24 52 47
24 51 47
26 53 60
26 53 59
26 53 60
26 53 61
26 54 61
26 55 61
26 55 60
26 55 59
38 52 61
38 53 61
34 50 59
34 49 59
34 49 60
34 49 61
25 50 53
25 49 53
25 49 54
25 49 55
24 50 47
24 49 47
24 49 48
24 49 49
26 54 59
26 53 59
38 54 61
38 55 61
26 53 60
26 53 61
39 56 39
39 55 39
39 54 39
39 53 39
39 53 40
39 53 41
39 53 40
39 53 39
26 53 60
26 53 59
38 54 61
38 53 61
38 53 62
38 53 63
26 53 60
26 53 61
26 54 61
26 55 61
39 53 40
39 53 41
39 54 41
39 55 41
39 55 40
39 55 39
49 52 33
49 51 33
39 54 39
39 53 39
39 53 40
39 53 41
39 53 40
39 53 39
39 53 40
39 53 41
39 54 41
39 55 41
39 55 40
39 55 39
25 50 55
25 51 55
24 48 49
24 47 49
24 47 50
24 47 51
23 47 46
23 47 47
23 48 47
23 49 47
49 50 33
49 49 33
49 49 34
49 49 35
48 56 17
48 55 17
48 55 16
48 55 15
48 54 15
48 53 15
48 53 14
48 53 13
48 52 13
48 51 13
48 51 14
48 51 15
48 52 15
48 53 15
48 52 15
48 51 15
48 51 16
48 51 17
50 55 2
50 55 3
50 55 2
50 55 1
50 54 1
50 53 1
50 53 2
50 53 3
50 52 3
50 51 3
38 53 62
38 53 61
40 52 97
40 51 97
33 53 98
33 53 97
40 51 98
40 51 99
33 52 97
33 51 97
43 55 98
43 55 97
33 52 97
33 53 97
47 46 95
47 45 95
47 45 96
47 45 97
46 52 95
46 51 95
33 53 96
33 53 95
46 51 96
46 51 97
33 52 95
33 51 95
45 54 95
45 53 95
43 55 96
43 55 95
45 53 96
45 53 97
41 48 93
41 49 93
41 48 93
41 47 93
41 47 94
41 47 95
33 51 94
33 51 93
33 50 93
33 49 93
43 55 94
43 55 93
33 50 93
33 51 93
33 51 92
33 51 91
33 50 91
33 49 91
43 55 92
43 55 91
35 53 82
35 53 83
36 53 78
36 53 79
38 53 62
38 53 63
39 54 39
39 53 39
39 53 38
39 53 37
26 54 61
26 53 61
26 53 60
26 53 59
38 53 62
38 53 61
38 54 61
38 55 61
32 54 77
32 53 77
32 53 76
32 53 75
36 53 78
36 53 77
44 54 79
44 53 79
36 54 77
36 55 77
44 53 78
44 53 77
35 53 82
35 53 81
35 54 81
35 55 81
43 54 91
43 53 91
43 53 90
43 53 89
41 47 96
41 47 97
33 48 91
33 47 91
33 47 92
33 47 93
43 53 88
43 53 87
43 52 87
43 51 87
28 46 85
28 45 85
28 45 86
28 45 87
43 51 86
43 51 85
43 50 85
43 49 85
28 45 88
28 45 89
28 46 89
28 47 89
43 49 84
43 49 83
43 48 83
43 47 83
42 50 83
42 49 83
42 49 84
42 49 85
31 46 81
31 45 81
43 47 82
43 47 81
31 45 82
31 45 83
43 46 81
43 45 81
35 54 81
35 53 81
42 50 85
42 51 85
31 44 83
31 43 83
31 43 84
31 43 85
43 44 81
43 43 81
43 43 82
43 43 83
35 53 80
35 53 79
35 52 79
35 51 79
42 52 85
42 53 85
35 51 80
35 51 81
35 52 81
35 53 81
37 51 78
37 51 79
44 52 77
44 51 77
36 54 77
36 53 77
36 53 78
36 53 79
44 52 77
44 53 77
32 52 75
32 51 75
44 53 76
44 53 75
32 51 76
32 51 77
44 52 75
44 51 75
32 52 77
32 53 77
37 51 78
37 51 77
42 52 85
42 51 85
42 51 86
42 51 87
35 52 81
35 51 81
35 51 82
35 51 83
36 52 79
36 51 79
36 51 80
36 51 81
37 51 78
37 51 79
32 52 77
32 51 77
37 52 79
37 53 79
32 51 78
32 51 79
44 51 76
44 51 77
44 52 77
44 53 77
30 51 74
30 51 75
30 52 75
30 53 75
32 51 78
32 51 77
36 51 80
36 51 79
35 51 82
35 51 81
35 51 82
35 51 83
35 52 83
35 53 83
36 51 80
36 51 81
37 52 79
37 51 79
36 52 81
36 53 81
37 51 80
37 51 81
32 51 78
32 51 79
44 52 77
44 51 77
32 52 79
32 53 79
44 51 78
44 51 79
30 52 75
30 51 75
30 51 76
30 51 77
29 51 72
29 51 73
32 53 78
32 53 77
36 53 80
36 53 79
37 52 81
37 53 81
43 44 83
43 45 83
27 44 71
27 43 71
27 43 72
27 43 73
32 53 76
32 53 75
36 53 78
36 53 77
37 53 80
37 53 79
43 46 83
43 47 83
29 51 72
29 51 71
30 51 76
30 51 75
44 51 78
44 51 77
35 52 83
35 51 83
35 51 84
35 51 85
37 52 79
37 51 79
37 51 80
37 51 81
44 51 78
44 51 79
36 52 77
36 51 77
44 52 79
44 53 79
36 51 78
36 51 79
30 51 76
30 51 77
32 52 75
32 51 75
30 52 77
30 53 77
32 51 76
32 51 77
29 51 72
29 51 73
29 52 73
29 53 73
29 53 72
29 53 71
30 53 76
30 53 75
44 53 78
44 53 77
33 47 94
33 47 95
28 47 90
28 47 91
28 48 91
28 49 91
43 47 84
43 47 85
43 48 85
43 49 85
29 53 70
29 53 69
30 53 74
30 53 73
44 53 76
44 53 75
35 52 85
35 53 85
43 50 85
43 51 85
34 48 61
34 47 61
34 47 62
34 47 63
38 54 61
38 53 61
29 53 68
29 53 67
30 53 72
30 53 71
44 53 74
44 53 73
35 53 84
35 53 83
42 52 87
42 53 87
34 47 64
34 47 65
34 48 65
34 49 65
26 52 59
26 51 59
38 53 60
38 53 59
26 51 60
26 51 61
38 52 59
38 51 59
26 52 61
26 53 61
32 52 77
32 53 77
44 52 73
44 51 73
44 51 74
44 51 75
30 52 71
30 51 71
30 51 72
30 51 73
29 52 67
29 51 67
29 51 68
29 51 69
26 52 61
26 51 61
26 51 62
26 51 63
38 51 60
38 51 61
38 52 61
38 53 61
38 53 60
38 53 59
32 53 76
32 53 75
36 52 79
36 53 79
34 48 65
34 47 65
34 47 66
34 47 67
25 50 55
25 49 55
25 49 56
25 49 57
23 49 48
23 49 49
24 47 50
24 47 49
23 49 50
23 49 51
24 48 49
24 49 49
23 49 52
23 49 53
23 49 54
23 49 55
23 50 55
23 51 55
23 52 55
23 53 55
23 54 55
23 55 55
38 53 58
38 53 57
26 52 63
26 53 63
25 48 57
25 47 57
25 47 58
25 47 59
24 48 49
24 47 49
38 53 56
38 53 55
26 53 62
26 53 61
34 48 67
34 49 67
25 47 60
25 47 61
25 48 61
25 49 61
24 47 50
24 47 51
24 48 51
24 49 51
38 53 54
38 53 53
26 53 60
26 53 59
38 53 52
38 53 51
24 49 52
24 49 53
24 50 53
24 51 53
38 53 50
38 53 49
26 53 58
26 53 57
25 50 61
25 51 61
24 50 53
24 49 53
24 49 54
24 49 55
38 53 48
38 53 47
38 53 46
38 53 45
24 49 56
24 49 57
39 52 37
39 51 37
39 51 38
39 51 39
39 52 39
39 53 39
49 49 36
49 49 37
49 50 37
49 51 37
39 53 38
39 53 37
39 53 36
39 53 35
38 53 44
38 53 43
49 51 36
49 51 35
38 52 43
38 51 43
38 51 44
38 51 45
49 51 36
49 51 37
39 52 35
39 51 35
49 52 37
49 53 37
39 51 36
39 51 37
48 50 17
48 49 17
48 49 16
48 49 15
48 48 15
48 47 15
50 52 3
50 53 3
48 47 16
48 47 17
48 48 17
48 49 17
50 52 3
50 51 3
50 51 4
50 51 5
50 52 5
50 53 5
50 52 5
50 51 5
50 51 6
50 51 7
50 51 6
50 51 5
39 51 36
39 51 35
38 51 44
38 51 43
25 51 60
25 51 59
29 51 68
29 51 67
30 51 72
30 51 71
27 44 73
27 45 73
47 44 97
47 43 97
47 43 98
47 43 99
41 46 97
41 45 97
41 45 98
41 45 99
46 50 97
46 49 97
40 51 98
40 51 97
46 49 98
46 49 99
40 50 97
40 49 97
45 52 97
45 51 97
45 51 98
45 51 99
40 50 97
40 51 97
33 46 95
33 45 95
33 45 96
33 45 97
40 51 96
40 51 95
40 50 95
40 49 95
33 46 97
33 47 97
40 49 94
40 49 93
40 48 93
40 47 93
40 47 94
40 47 95
28 48 91
28 47 91
40 48 95
40 49 95
28 47 90
28 47 89
28 46 89
28 45 89
33 48 97
33 49 97
41 46 99
41 47 99
28 45 90
28 45 91
28 46 91
28 47 91
42 52 87
42 51 87
42 51 88
42 51 89
31 44 85
31 45 85
31 44 85
31 43 85
43 50 85
43 49 85
43 49 86
43 49 87
42 51 88
42 51 87
31 43 86
31 43 87
31 44 87
31 45 87
35 52 83
35 51 83
42 51 86
42 51 85
43 50 87
43 51 87
31 45 88
31 45 89
37 50 81
37 49 81
35 51 82
35 51 81
37 49 82
37 49 83
35 50 81
35 49 81
37 50 83
37 51 83
35 49 80
35 49 79
35 48 79
35 47 79
36 52 79
36 51 79
37 51 82
37 51 81
42 51 84
42 51 83
43 51 86
43 51 85
35 47 78
35 47 77
35 46 77
35 45 77
36 51 78
36 51 77
36 50 77
36 49 77
35 45 76
35 45 75
35 44 75
35 43 75
36 49 76
36 49 75
36 48 75
36 47 75
44 50 75
44 49 75
44 49 76
44 49 77
32 52 75
32 51 75
37 51 80
37 51 79
42 51 82
42 51 81
43 51 84
43 51 83
28 47 92
28 47 93
44 48 77
44 47 77
44 47 78
44 47 79
36 47 76
36 47 77
36 48 77
36 49 77
32 51 74
32 51 73
32 50 73
32 49 73
32 49 74
32 49 75
34 49 68
34 49 69
24 49 58
24 49 59
39 50 35
39 49 35
39 49 34
39 49 33
38 50 43
38 49 43
38 49 42
38 49 41
24 49 58
24 49 57
25 50 59
25 49 59
24 50 57
24 51 57
25 49 58
25 49 57
29 50 67
29 49 67
29 49 66
29 49 65
34 49 68
34 49 67
34 50 67
34 51 67
30 50 71
30 49 71
30 49 70
30 49 69
34 51 68
34 51 69
34 51 68
34 51 67
34 52 67
34 53 67
37 51 78
37 51 77
42 51 80
42 51 79
35 43 76
35 43 77
35 44 77
35 45 77
27 44 73
27 43 73
27 43 74
27 43 75
30 49 68
30 49 67
30 48 67
30 47 67
34 52 67
34 51 67
34 50 67
34 49 67
34 49 68
34 49 69
29 49 66
29 49 67
24 51 58
24 51 59
25 50 57
25 51 57
37 51 76
37 51 75
36 50 77
36 51 77
35 46 77
35 47 77
27 42 75
27 41 75
27 41 76
27 41 77
37 51 74
37 51 73
36 51 76
36 51 75
35 48 77
35 49 77
24 50 59
24 49 59
24 49 60
24 49 61
37 51 72
37 51 71
36 51 74
36 51 73
42 51 78
42 51 77
43 51 82
43 51 81
31 44 89
31 43 89
31 43 90
31 43 91
25 50 57
25 49 57
25 49 58
25 49 59
26 52 57
26 51 57
37 51 70
37 51 69
36 51 72
36 51 71
42 51 76
42 51 75
43 51 80
43 51 79
26 51 56
26 51 55
26 50 55
26 49 55
26 49 54
26 49 53
26 48 53
26 47 53
25 50 59
25 51 59
24 49 60
24 49 59
24 49 58
24 49 57
24 49 56
24 49 55
26 47 54
26 47 55
24 49 54
24 49 53
26 48 55
26 49 55
24 50 53
24 51 53
24 52 53
24 53 53
25 51 58
25 51 57
26 48 55
26 47 55
26 47 56
26 47 57
38 49 42
38 49 43
39 49 34
39 49 35
48 49 18
48 49 19
48 49 18
48 49 17
48 50 17
48 51 17
39 49 34
39 49 33
39 50 33
39 51 33
38 49 42
38 49 41
38 50 41
38 51 41
38 50 41
38 49 41
38 49 40
38 49 39
25 51 56
25 51 55
38 48 39
38 47 39
38 47 40
38 47 41
25 51 54
25 51 53
26 47 58
26 47 59
26 48 59
26 49 59
38 47 42
38 47 43
38 48 43
38 49 43
49 52 37
49 51 37
25 51 52
25 51 51
49 51 36
49 51 35
49 50 35
49 49 35
25 51 50
25 51 49
49 49 34
49 49 33
49 48 33
49 47 33
39 50 33
39 49 33
39 49 34
39 49 35
38 48 43
38 47 43
38 47 44
38 47 45
39 48 35
39 47 35
39 47 36
39 47 37
49 47 34
49 47 35
49 48 35
49 49 35
25 51 48
25 51 47
49 49 34
49 49 33
49 49 34
49 49 35
49 50 35
49 51 35
49 50 35
49 49 35
49 49 36
49 49 37
48 51 18
48 51 19
50 51 6
50 51 7
50 51 6
50 51 5
50 52 5
50 53 5
48 51 18
48 51 17
48 52 17
48 53 17
39 46 37
39 45 37
39 45 38
39 45 39
48 52 17
48 51 17
48 50 17
48 49 17
48 49 18
48 49 19
50 52 5
50 51 5
50 51 4
50 51 3
50 50 3
50 49 3
50 48 3
50 47 3
50 47 2
50 47 1
48 49 18
48 49 17
49 49 36
49 49 35
26 49 58
26 49 57
29 49 66
29 49 65
34 49 68
34 49 67
47 43 98
47 43 97
47 42 97
47 41 97
41 47 98
41 47 97
41 46 97
41 45 97
33 48 97
33 47 97
46 49 98
46 49 97
33 47 98
33 47 99
46 48 97
46 47 97
45 51 98
45 51 97
40 49 96
40 49 97
47 41 96
47 41 95
47 40 95
47 39 95
41 45 96
41 45 95
41 44 95
41 43 95
46 47 96
46 47 95
46 46 95
46 45 95
40 49 96
40 49 95
40 48 95
40 47 95
45 51 96
45 51 95
45 50 95
45 49 95
45 49 94
45 49 93
40 48 95
40 49 95
46 46 95
46 47 95
41 44 95
41 45 95
47 39 96
47 39 97
31 42 91
31 41 91
31 41 92
31 41 93
28 47 92
28 47 91
28 46 91
28 45 91
45 49 92
45 49 91
45 48 91
45 47 91
45 47 92
45 47 93
40 49 94
40 49 93
46 48 95
46 49 95
41 45 96
41 45 97
45 46 93
45 45 93
45 45 94
45 45 95
28 45 92
28 45 93
28 46 93
28 47 93
35 49 78
35 49 79
32 49 76
32 49 77
34 49 68
34 49 69
29 49 66
29 49 67
26 49 58
26 49 59
26 49 58
26 49 57
26 50 57
26 51 57
29 49 66
29 49 65
29 50 65
29 51 65
34 49 68
34 49 67
37 50 69
37 49 69
34 50 67
34 51 67
37 49 68
37 49 67
36 50 71
36 49 71
36 49 70
36 49 69
42 50 75
42 49 75
42 49 74
42 49 73
32 49 76
32 49 75
32 50 75
32 51 75
35 49 78
35 49 77
43 50 79
43 49 79
35 50 77
35 51 77
43 49 78
43 49 77
44 48 79
44 49 79
40 49 92
40 49 91
28 48 93
28 49 93
45 46 95
45 47 95
42 48 73
42 47 73
42 47 72
42 47 71
43 48 77
43 47 77
43 47 76
43 47 75
44 48 79
44 47 79
44 47 78
44 47 77
44 46 77
44 45 77
44 45 78
44 45 79
35 50 77
35 49 77
44 45 80
44 45 81
44 46 81
44 47 81
43 46 75
43 45 75
35 49 76
35 49 75
35 48 75
35 47 75
32 50 75
32 49 75
32 49 76
32 49 77
36 49 70
36 49 71
37 49 68
37 49 69
43 45 74
43 45 73
43 44 73
43 43 73
35 47 74
35 47 73
35 46 73
35 45 73
42 47 72
42 47 73
30 47 68
30 47 69
30 47 68
30 47 67
37 48 69
37 47 69
30 48 67
30 49 67
37 47 68
37 47 67
36 48 71
36 47 71
36 47 70
36 47 69
42 47 72
42 47 71
42 48 71
42 49 71
42 48 71
42 47 71
32 49 76
32 49 75
44 46 81
44 45 81
44 45 82
44 45 83
35 45 74
35 45 75
35 46 75
35 47 75
42 46 71
42 45 71
42 45 72
42 45 73
36 46 69
36 45 69
36 45 68
36 45 67
36 44 67
36 43 67
37 46 67
37 45 67
37 45 68
37 45 69
30 48 67
30 47 67
30 47 68
30 47 69
34 50 67
34 49 67
32 49 74
32 49 73
44 44 83
44 43 83
44 43 84
44 43 85
43 43 74
43 43 75
42 44 73
42 43 73
43 44 75
43 45 75
42 43 74
42 43 75
37 44 69
37 43 69
37 43 70
37 43 71
36 43 68
36 43 69
36 44 69
36 45 69
34 49 66
34 49 65
34 48 65
34 47 65
29 50 65
29 49 65
29 49 66
29 49 67
34 48 65
34 49 65
34 49 64
34 49 63
34 48 63
34 47 63
29 49 66
29 49 65
34 47 62
34 47 61
34 46 61
34 45 61
30 48 69
30 49 69
29 48 65
29 47 65
29 47 66
29 47 67
34 45 62
34 45 63
34 46 63
34 47 63
26 50 57
26 49 57
30 49 68
30 49 67
32 49 72
32 49 71
42 43 76
42 43 77
43 44 75
43 43 75
42 44 77
42 45 77
43 43 76
43 43 77
37 43 72
37 43 73
37 44 73
37 45 73
36 44 69
36 43 69
36 43 70
36 43 71
26 49 56
26 49 55
26 48 55
26 47 55
30 49 66
30 49 65
32 49 70
32 49 69
35 48 75
35 49 75
42 46 77
42 47 77
37 45 74
37 45 75
37 46 75
37 47 75
29 46 67
29 45 67
29 45 68
29 45 69
34 46 63
34 45 63
34 45 64
34 45 65
26 46 55
26 45 55
26 45 56
26 45 57
30 49 64
30 49 63
32 49 68
32 49 67
35 49 74
35 49 73
42 48 77
42 49 77
43 44 77
43 45 77
27 41 78
27 41 79
36 42 71
36 41 71
36 41 72
36 41 73
25 51 48
25 51 49
25 51 50
25 51 51
49 50 35
49 51 35
30 49 62
30 49 61
32 49 66
32 49 65
29 46 69
29 47 69
38 46 45
38 45 45
38 45 46
38 45 47
30 49 60
30 49 59
26 44 57
26 43 57
26 43 58
26 43 59
38 44 47
38 43 47
38 43 48
38 43 49
39 44 39
39 43 39
30 49 58
30 49 57
32 49 64
32 49 63
29 48 69
29 49 69
39 43 38
39 43 37
39 42 37
39 41 37
30 49 56
30 49 55
39 41 36
39 41 35
39 40 35
39 39 35
49 50 35
49 49 35
30 49 54
30 49 53
39 39 36
39 39 37
39 40 37
39 41 37
49 49 34
49 49 33
49 48 33
49 47 33
39 42 37
39 43 37
49 47 32
49 47 31
49 46 31
49 45 31
49 45 32
49 45 33
49 46 33
49 47 33
38 43 50
38 43 51
38 44 51
38 45 51
39 43 38
39 43 39
39 44 39
39 45 39
48 49 18
48 49 19
48 49 18
48 49 17
48 50 17
48 51 17
39 46 39
39 47 39
48 50 17
48 49 17
49 46 33
49 45 33
49 45 34
49 45 35
48 49 16
48 49 15
48 48 15
48 47 15
48 47 16
48 47 17
48 48 17
48 49 17
48 49 16
48 49 15
48 49 14
48 49 13
50 46 1
50 45 1
39 47 38
39 47 37
37 47 74
37 47 73
47 38 97
47 37 97
47 37 98
47 37 99
41 44 97
41 43 97
41 43 98
41 43 99
33 47 98
33 47 97
33 46 97
33 45 97
45 47 96
45 47 97
33 45 96
33 45 95
33 44 95
33 43 95
45 47 96
45 47 95
45 46 95
45 45 95
46 48 95
46 47 95
46 47 96
46 47 97
45 46 95
45 47 95
33 44 95
33 45 95
31 40 93
31 39 93
31 39 94
31 39 95
33 45 94
33 45 93
33 44 93
33 43 93
45 47 94
45 47 93
45 46 93
45 45 93
28 48 93
28 47 93
28 47 94
28 47 95
45 46 93
45 47 93
33 44 93
33 45 93
33 45 92
33 45 91
33 44 91
33 43 91
45 47 92
45 47 91
45 46 91
45 45 91
40 48 91
40 47 91
40 47 92
40 47 93
33 43 90
33 43 89
33 42 89
33 41 89
45 45 90
45 45 89
45 44 89
45 43 89
33 40 89
33 39 89
33 39 90
33 39 91
45 43 88
45 43 87
45 42 87
45 41 87
40 47 92
40 47 91
28 47 94
28 47 93
46 47 96
46 47 95
47 38 99
47 39 99
31 38 95
31 37 95
31 37 96
31 37 97
33 38 91
33 37 91
33 37 92
33 37 93
44 43 84
44 43 83
44 42 83
44 41 83
46 46 95
46 45 95
46 45 96
46 45 97
28 46 93
28 45 93
28 45 94
28 45 95
40 46 91
40 45 91
40 45 92
40 45 93
27 40 79
27 39 79
27 39 80
27 39 81
45 40 87
45 39 87
45 39 88
45 39 89
44 40 83
44 39 83
44 39 84
44 39 85
27 39 82
27 39 83
27 40 83
27 41 83
43 44 77
43 43 77
43 43 78
43 43 79
42 48 77
42 47 77
27 41 84
27 41 85
43 42 79
43 41 79
43 41 80
43 41 81
42 47 76
42 47 75
42 46 75
42 45 75
42 44 75
42 43 75
42 43 76
42 43 77
37 46 73
37 45 73
37 45 74
37 45 75
35 48 73
35 47 73
35 47 74
35 47 75
36 41 72
36 41 71
36 40 71
36 39 71
35 47 74
35 47 73
27 42 85
27 43 85
44 40 85
44 41 85
36 39 70
36 39 69
36 38 69
36 37 69
29 48 69
29 47 69
37 45 74
37 45 73
37 45 74
37 45 75
35 46 73
35 45 73
37 46 75
37 47 75
35 45 74
35 45 75
29 46 69
29 45 69
29 45 70
29 45 71
32 48 63
32 47 63
32 47 62
32 47 61
34 46 65
34 47 65
34 46 65
34 45 65
34 45 66
34 45 67
32 46 61
32 45 61
37 47 74
37 47 73
42 43 78
42 43 79
42 44 79
42 45 79
35 44 75
35 43 75
35 43 76
35 43 77
29 44 71
29 43 71
29 43 72
29 43 73
34 44 67
34 43 67
34 43 68
34 43 69
32 44 61
32 43 61
32 43 62
32 43 63
26 43 60
26 43 61
37 47 72
37 47 71
29 44 73
29 45 73
37 47 70
37 47 69
29 46 73
29 47 73
30 48 53
30 47 53
30 46 53
30 45 53
30 45 54
30 45 55
38 45 52
38 45 53
38 46 53
38 47 53
38 47 52
38 47 51
26 43 60
26 43 59
26 43 58
26 43 57
26 43 56
26 43 55
26 43 54
26 43 53
26 43 52
26 43 51
26 43 50
26 43 49
26 44 49
26 45 49
26 46 49
26 47 49
26 48 49
26 49 49
39 47 38
39 47 39
39 47 38
39 47 37
39 46 37
39 45 37
49 45 34
49 45 33
49 44 33
49 43 33
39 44 37
39 43 37
39 43 38
39 43 39
49 43 34
49 43 35
49 44 35
49 45 35
38 47 50
38 47 49
30 44 55
30 43 55
30 43 56
30 43 57
39 43 40
39 43 41
39 44 41
39 45 41
49 44 35
49 43 35
49 43 36
49 43 37
39 45 40
39 45 39
38 46 49
38 45 49
38 45 50
38 45 51
39 45 40
39 45 41
39 46 41
39 47 41
48 48 13
48 47 13
48 47 12
48 47 11
48 48 11
48 49 11
48 49 10
48 49 9
48 49 8
48 49 7
50 46 1
50 47 1
48 49 6
48 49 5
48 49 4
48 49 3
50 46 1
50 45 1
48 49 2
48 49 1
48 48 1
48 47 1
48 47 2
48 47 3
48 48 3
48 49 3
50 45 2
50 45 3
48 48 3
48 47 3
50 45 2
50 45 1
48 46 3
48 45 3
48 46 3
48 47 3
38 45 50
38 45 49
35 44 77
35 45 77
31 36 97
31 35 97
31 35 98
31 35 99
47 39 98
47 39 97
47 38 97
47 37 97
41 43 98
41 43 97
41 42 97
41 41 97
46 44 97
46 43 97
46 43 98
46 43 99
28 45 96
28 45 97
40 45 94
40 45 95
33 38 93
33 39 93
47 37 96
47 37 95
47 36 95
47 35 95
41 41 96
41 41 95
41 40 95
41 39 95
40 44 95
40 43 95
28 45 96
28 45 95
40 43 96
40 43 97
28 44 95
28 43 95
40 44 97
40 45 97
47 35 94
47 35 93
47 34 93
47 33 93
33 38 93
33 37 93
41 39 94
41 39 93
33 37 94
33 37 95
41 38 93
41 37 93
28 43 94
28 43 93
28 42 93
28 41 93
40 45 96
40 45 95
47 32 93
47 31 93
47 31 94
47 31 95
41 37 92
41 37 91
41 36 91
41 35 91
28 41 92
28 41 91
28 40 91
28 39 91
41 35 90
41 35 89
41 34 89
41 33 89
45 38 89
45 37 89
28 39 90
28 39 89
45 37 90
45 37 91
28 38 89
28 37 89
43 41 80
43 41 79
44 41 84
44 41 83
27 42 85
27 41 85
44 42 83
44 43 83
27 41 84
27 41 83
44 43 84
44 43 85
40 45 94
40 45 93
33 37 96
33 37 97
45 37 92
45 37 93
45 38 93
45 39 93
28 37 90
28 37 91
28 38 91
28 39 91
27 41 82
27 41 81
27 40 81
27 39 81
28 40 91
28 41 91
27 39 80
27 39 79
27 38 79
27 37 79
43 40 79
43 39 79
43 39 80
43 39 81
42 44 79
42 43 79
42 43 80
42 43 81
28 42 91
28 43 91
44 42 85
44 41 85
44 41 86
44 41 87
42 42 81
42 41 81
42 41 82
42 41 83
35 44 77
35 43 77
35 43 78
35 43 79
28 44 91
28 45 91
44 41 88
44 41 89
44 42 89
44 43 89
42 41 84
42 41 85
42 42 85
42 43 85
35 42 79
35 41 79
35 41 80
35 41 81
29 46 73
29 45 73
42 43 84
42 43 83
44 43 88
44 43 87
40 44 93
40 43 93
40 43 94
40 43 95
28 44 91
28 43 91
28 43 92
28 43 93
44 43 88
44 43 89
44 44 89
44 45 89
42 43 84
42 43 85
42 44 85
42 45 85
29 44 73
29 43 73
29 43 74
29 43 75
29 43 74
29 43 73
29 43 74
29 43 75
29 44 75
29 45 75
34 43 70
34 43 71
37 46 69
37 45 69
37 45 70
37 45 71
37 45 70
37 45 69
34 42 71
34 41 71
34 41 72
34 41 73
32 42 63
32 41 63
32 41 64
32 41 65
37 45 68
37 45 67
29 45 74
29 45 73
42 45 84
42 45 83
43 39 82
43 39 83
35 40 81
35 39 81
43 40 83
43 41 83
35 39 82
35 39 83
34 40 73
34 39 73
34 39 74
34 39 75
32 40 65
32 39 65
32 39 66
32 39 67
37 45 66
37 45 65
36 37 70
36 37 71
32 38 67
32 37 67
32 37 68
32 37 69
30 43 58
30 43 59
30 43 58
30 43 57
30 44 57
30 45 57
30 44 57
30 43 57
37 44 65
37 43 65
37 43 66
37 43 67
30 43 58
30 43 59
30 44 59
30 45 59
30 45 58
30 45 57
29 45 72
29 45 71
42 45 82
42 45 81
43 41 84
43 41 85
37 42 67
37 41 67
37 41 68
37 41 69
29 44 71
29 43 71
29 43 72
29 43 73
30 44 57
30 43 57
30 43 58
30 43 59
38 45 50
38 45 51
38 45 50
38 45 49
38 44 49
38 43 49
29 44 73
29 45 73
37 41 70
37 41 71
37 42 71
37 43 71
30 42 59
30 41 59
30 41 60
30 41 61
38 42 49
38 41 49
38 41 50
38 41 51
29 45 72
29 45 71
27 37 78
27 37 77
27 37 76
27 37 75
27 37 74
27 37 73
36 36 71
36 35 71
27 37 72
27 37 71
36 35 72
36 35 73
32 36 69
32 35 69
27 37 70
27 37 69
32 35 70
32 35 71
27 37 68
27 37 67
27 37 66
27 37 65
27 37 64
27 37 63
27 37 62
27 37 61
27 37 60
27 37 59
27 37 58
27 37 57
27 37 56
27 37 55
27 37 54
27 37 53
27 37 52
27 37 51
27 37 50
27 37 49
27 37 48
27 37 47
27 38 47
27 39 47
27 40 47
27 41 47
27 42 47
27 43 47
27 44 47
27 45 47
27 46 47
27 47 47
39 46 41
39 45 41
39 45 40
39 45 39
30 42 61
30 43 61
38 40 51
38 39 51
38 39 52
38 39 53
49 43 38
49 43 39
49 43 38
49 43 37
39 44 39
39 43 39
49 44 37
49 45 37
39 43 38
39 43 37
30 44 61
30 45 61
39 42 37
39 41 37
49 44 37
49 43 37
49 43 38
49 43 39
38 39 54
38 39 55
38 40 55
38 41 55
39 40 37
39 39 37
39 39 38
39 39 39
39 40 39
39 41 39
39 40 39
39 39 39
39 39 40
39 39 41
49 42 39
49 41 39
49 41 40
49 41 41
39 39 42
39 39 43
49 40 41
49 39 41
39 40 43
39 41 43
49 39 42
49 39 43
48 46 3
48 45 3
50 46 1
50 47 1
48 45 2
48 45 1
48 45 2
48 45 3
48 45 2
48 45 1
48 44 1
48 43 1
50 46 1
50 45 1
50 45 2
50 45 3
50 46 3
50 47 3
48 43 2
48 43 3
48 44 3
48 45 3
48 44 3
48 43 3
50 46 3
50 45 3
48 43 2
48 43 1
37 43 70
37 43 69
34 40 75
34 41 75
31 35 98
31 35 97
31 34 97
31 33 97
33 36 97
33 35 97
33 35 98
33 35 99
46 43 98
46 43 97
46 42 97
46 41 97
40 43 96
40 43 97
47 32 95
47 33 95
47 32 95
47 31 95
31 33 96
31 33 95
47 31 96
47 31 97
31 32 95
31 31 95
46 41 96
46 41 95
46 40 95
46 39 95
40 43 96
40 43 95
40 42 95
40 41 95
47 32 97
47 33 97
31 31 94
31 31 93
31 30 93
31 29 93
45 38 93
45 37 93
46 39 94
46 39 93
45 37 94
45 37 95
46 38 93
46 37 93
40 41 94
40 41 93
40 40 93
40 39 93
28 42 93
28 41 93
28 41 94
28 41 95
28 42 95
28 43 95
45 38 95
45 39 95
47 34 97
47 35 97
46 37 92
46 37 91
46 36 91
46 35 91
40 39 92
40 39 91
40 38 91
40 37 91
40 38 91
40 39 91
46 36 91
46 37 91
31 30 93
31 31 93
41 32 89
41 31 89
41 31 90
41 31 91
46 37 90
46 37 89
46 36 89
46 35 89
40 39 90
40 39 89
40 38 89
40 37 89
44 44 89
44 43 89
44 42 89
44 41 89
44 42 89
44 43 89
28 42 95
28 41 95
28 41 96
28 41 97
44 42 89
44 41 89
44 41 90
44 41 91
43 41 86
43 41 87
44 42 91
44 43 91
40 37 90
40 37 91
40 38 91
40 39 91
35 38 83
35 37 83
44 43 90
44 43 89
45 40 95
45 41 95
40 39 92
40 39 93
40 40 93
40 41 93
43 40 87
43 39 87
43 39 88
43 39 89
42 44 81
42 43 81
42 43 82
42 43 83
40 41 92
40 41 91
45 42 95
45 43 95
40 41 92
40 41 93
40 42 93
40 43 93
44 42 89
44 41 89
44 41 90
44 41 91
42 42 83
42 41 83
42 41 84
42 41 85
34 40 75
34 39 75
34 39 76
34 39 77
36 34 73
36 33 73
36 33 74
36 33 75
37 43 70
37 43 71
37 42 71
37 41 71
37 41 72
37 41 73
29 44 71
29 43 71
44 42 91
44 43 91
43 39 90
43 39 91
43 40 91
43 41 91
42 40 85
42 39 85
42 39 86
42 39 87
34 39 78
34 39 79
34 40 79
34 41 79
37 40 73
37 39 73
37 39 74
37 39 75
29 43 70
29 43 69
29 42 69
29 41 69
29 40 69
29 39 69
36 33 76
36 33 77
36 34 77
36 35 77
32 34 71
32 33 71
32 33 72
32 33 73
42 39 88
42 39 89
34 40 79
34 39 79
34 39 80
34 39 81
37 39 76
37 39 77
37 40 77
37 41 77
29 39 70
29 39 71
29 40 71
29 41 71
30 44 61
30 43 61
30 43 60
30 43 59
30 42 59
30 41 59
30 41 60
30 41 61
38 41 56
38 41 57
39 41 44
39 41 45
39 41 44
39 41 43
39 42 43
39 43 43
38 41 56
38 41 55
38 42 55
38 43 55
30 41 60
30 41 59
29 41 70
29 41 69
37 41 76
37 41 75
37 41 76
37 41 77
37 42 77
37 43 77
29 41 70
29 41 71
29 42 71
29 43 71
30 41 60
30 41 61
30 42 61
30 43 61
38 42 55
38 41 55
38 42 55
38 43 55
38 43 54
38 43 53
38 42 53
38 41 53
30 43 60
30 43 59
38 41 52
38 41 51
38 40 51
38 39 51
38 39 52
38 39 53
38 40 53
38 41 53
30 43 58
30 43 57
29 43 70
29 43 69
37 43 76
37 43 75
44 43 90
44 43 89
40 43 92
40 43 91
45 43 94
45 43 93
28 41 96
28 41 95
28 41 94
28 41 93
43 40 91
43 39 91
28 41 92
28 41 91
43 39 92
43 39 93
42 39 90
42 39 91
28 41 90
28 41 89
42 40 91
42 41 91
28 41 88
28 41 87
28 41 86
28 41 85
28 41 84
28 41 83
34 39 82
34 39 83
28 41 82
28 41 81
34 40 83
34 41 83
28 41 80
28 41 79
28 41 78
28 41 77
28 41 76
28 41 75
28 41 74
28 41 73
28 41 72
28 41 71
28 41 70
28 41 69
28 41 68
28 41 67
28 41 66
28 41 65
28 41 64
28 41 63
28 41 62
28 41 61
28 41 60
28 41 59
28 41 58
28 41 57
28 41 56
28 41 55
38 40 53
38 39 53
28 41 54
28 41 53
38 39 54
38 39 55
28 41 52
28 41 51
28 41 50
28 41 49
28 41 48
28 41 47
28 41 46
28 41 45
49 39 44
49 39 45
39 42 43
39 41 43
28 42 45
28 43 45
39 41 44
39 41 45
28 44 45
28 45 45
39 42 45
39 43 45
30 42 57
30 41 57
30 41 58
30 41 59
39 42 45
39 41 45
39 41 46
39 41 47
38 38 55
38 37 55
38 37 56
38 37 57
49 38 45
49 37 45
49 37 46
49 37 47
38 36 57
38 35 57
38 35 58
38 35 59
49 36 47
49 35 47
49 35 48
49 35 49
39 41 46
39 41 45
30 42 59
30 43 59
39 41 46
39 41 47
39 42 47
39 43 47
39 43 46
39 43 45
30 43 58
30 43 57
38 36 59
38 37 59
49 34 49
49 33 49
49 33 50
49 33 51
39 43 44
39 43 43
50 44 3
50 43 3
48 44 1
48 45 1
50 43 2
50 43 1
50 43 2
50 43 3
50 43 2
50 43 1
50 42 1
50 41 1
48 44 1
48 43 1
48 43 2
48 43 3
48 44 3
48 45 3
50 41 2
50 41 3
50 42 3
50 43 3
50 42 3
50 41 3
48 44 3
48 43 3
50 41 2
50 41 1
47 34 97
47 33 97
33 35 98
33 35 97
47 33 98
47 33 99
33 34 97
33 33 97
33 34 97
33 35 97
33 35 96
33 35 95
33 34 95
33 33 95
43 40 93
43 41 93
31 32 93
31 33 93
31 32 93
31 31 93
33 33 94
33 33 93
31 31 94
31 31 95
33 32 93
33 31 93
43 40 93
43 39 93
43 39 94
43 39 95
45 42 93
45 41 93
45 41 94
45 41 95
42 41 92
42 41 93
41 32 91
41 33 91
33 31 92
33 31 91
33 30 91
33 29 91
41 32 91
41 31 91
41 31 92
41 31 93
42 41 92
42 41 91
42 40 91
42 39 91
40 42 91
40 41 91
40 41 92
40 41 93
34 41 84
34 41 85
30 42 57
30 41 57
30 41 56
30 41 55
29 42 69
29 41 69
29 41 68
29 41 67
37 42 75
37 41 75
37 41 74
37 41 73
34 41 84
34 41 83
34 42 83
34 43 83
44 42 89
44 41 89
44 41 88
44 41 87
44 41 88
44 41 89
46 35 88
46 35 87
46 34 87
46 33 87
44 41 88
44 41 87
44 40 87
44 39 87
46 33 88
46 33 89
46 34 89
46 35 89
44 39 86
44 39 85
44 38 85
44 37 85
29 40 67
29 39 67
29 39 66
29 39 65
37 40 73
37 39 73
37 39 72
37 39 71
34 42 83
34 41 83
42 39 90
42 39 89
43 39 94
43 39 93
45 40 95
45 39 95
45 39 96
45 39 97
43 39 94
43 39 95
40 40 93
40 39 93
43 40 95
43 41 95
40 39 94
40 39 95
42 39 90
42 39 91
42 40 91
42 41 91
34 40 83
34 39 83
34 39 84
34 39 85
34 40 85
34 41 85
44 38 85
44 39 85
34 41 84
34 41 83
42 41 90
42 41 89
43 41 94
43 41 93
40 40 95
40 41 95
46 35 90
46 35 91
46 36 91
46 37 91
35 36 83
35 35 83
35 35 84
35 35 85
36 35 78
36 35 79
36 36 79
36 37 79
34 41 82
34 41 81
42 41 88
42 41 87
46 38 91
46 39 91
44 38 85
44 37 85
44 37 86
44 37 87
36 37 80
36 37 81
36 38 81
36 39 81
37 38 71
37 37 71
37 37 70
37 37 69
37 36 69
37 35 69
36 39 80
36 39 79
34 40 81
34 39 81
34 39 82
34 39 83
36 39 80
36 39 81
36 40 81
36 41 81
36 41 80
36 41 79
42 41 86
42 41 85
35 34 85
35 33 85
35 33 86
35 33 87
32 33 74
32 33 75
32 34 75
32 35 75
37 34 69
37 33 69
37 33 70
37 33 71
29 38 65
29 37 65
29 37 66
29 37 67
29 37 68
29 37 69
29 38 69
29 39 69
29 39 68
29 39 67
29 39 68
29 39 69
29 40 69
29 41 69
29 40 69
29 39 69
29 39 70
29 39 71
29 39 70
29 39 69
34 39 82
34 39 81
46 39 90
46 39 89
40 40 95
40 39 95
45 40 97
45 41 97
40 39 96
40 39 97
43 40 93
43 39 93
43 39 94
43 39 95
46 39 90
46 39 91
46 40 91
46 41 91
42 40 85
42 39 85
42 39 86
42 39 87
34 39 82
34 39 83
34 40 83
34 41 83
36 40 79
36 39 79
36 39 80
36 39 81
29 39 70
29 39 71
29 40 71
29 41 71
30 40 55
30 39 55
30 39 54
30 39 53
30 38 53
30 37 53
29 41 70
29 41 69
37 34 71
37 35 71
49 32 51
49 31 51
30 37 52
30 37 51
30 36 51
30 35 51
38 36 59
38 35 59
38 35 60
38 35 61
30 35 52
30 35 53
30 36 53
30 37 53
30 37 54
30 37 55
30 38 55
30 39 55
39 42 43
39 41 43
30 39 54
30 39 53
29 41 68
29 41 67
29 41 66
29 41 65
29 41 64
29 41 63
29 41 62
29 41 61
29 41 60
29 41 59
29 41 58
29 41 57
29 41 56
29 41 55
30 39 54
30 39 55
29 41 54
29 41 53
30 40 55
30 41 55
29 41 52
29 41 51
29 41 50
29 41 49
29 41 48
29 41 47
29 41 46
29 41 45
39 40 43
39 39 43
29 41 44
29 41 43
39 39 44
39 39 45
29 42 43
29 43 43
30 41 54
30 41 53
39 38 45
39 37 45
39 37 46
39 37 47
49 32 51
49 33 51
48 42 3
48 41 3
50 40 1
50 39 1
48 41 2
48 41 1
50 39 2
50 39 3
48 40 1
48 39 1
50 40 3
50 41 3
48 39 2
48 39 3
48 38 3
48 37 3
50 40 3
50 39 3
50 39 2
50 39 1
50 40 1
50 41 1
47 33 98
47 33 97
47 32 97
47 31 97
40 38 97
40 37 97
40 37 98
40 37 99
45 40 97
45 39 97
45 39 98
45 39 99
43 39 96
43 39 97
41 32 93
41 33 93
31 30 95
31 29 95
47 31 96
47 31 95
31 29 96
31 29 97
47 30 95
47 29 95
43 39 96
43 39 95
43 38 95
43 37 95
31 30 97
31 31 97
47 29 94
47 29 93
47 28 93
47 27 93
41 32 93
41 31 93
41 31 94
41 31 95
43 37 94
43 37 93
43 36 93
43 35 93
31 32 97
31 33 97
47 27 92
47 27 91
47 26 91
47 25 91
33 28 91
33 27 91
33 27 92
33 27 93
43 35 92
43 35 91
43 34 91
43 33 91
46 40 91
46 39 91
31 34 97
31 35 97
41 30 95
41 29 95
41 29 96
41 29 97
43 33 90
43 33 89
43 32 89
43 31 89
46 39 90
46 39 89
46 38 89
46 37 89
47 24 91
47 23 91
47 23 92
47 23 93
43 31 88
43 31 87
43 30 87
43 29 87
35 32 87
35 31 87
35 31 88
35 31 89
44 36 87
44 35 87
46 37 88
46 37 87
44 35 88
44 35 89
46 36 87
46 35 87
42 38 87
42 37 87
42 37 88
42 37 89
31 36 97
31 37 97
41 29 98
41 29 99
35 30 89
35 29 89
35 29 90
35 29 91
43 29 88
43 29 89
43 30 89
43 31 89
46 35 86
46 35 85
46 34 85
46 33 85
42 37 88
42 37 87
42 37 88
42 37 89
42 38 89
42 39 89
34 40 83
34 39 83
42 39 88
42 39 87
31 38 97
31 39 97
43 31 90
43 31 91
43 32 91
43 33 91
46 32 85
46 31 85
46 31 86
46 31 87
36 38 81
36 37 81
34 39 82
34 39 81
36 37 82
36 37 83
34 38 81
34 37 81
46 32 87
46 33 87
34 37 80
34 37 79
34 36 79
34 35 79
36 37 82
36 37 81
42 38 87
42 37 87
42 37 88
42 37 89
36 37 82
36 37 83
36 38 83
36 39 83
36 39 82
36 39 81
43 32 91
43 31 91
43 31 92
43 31 93
46 32 87
46 31 87
46 31 88
46 31 89
32 34 75
32 33 75
32 33 76
32 33 77
36 39 80
36 39 79
34 34 79
34 33 79
34 33 80
34 33 81
32 33 78
32 33 79
32 34 79
32 35 79
36 38 79
36 37 79
36 37 80
36 37 81
37 34 71
37 33 71
37 33 72
37 33 73
43 32 93
43 33 93
33 27 94
33 27 95
35 28 91
35 27 91
35 27 92
35 27 93
46 30 89
46 29 89
46 29 90
46 29 91
39 37 48
39 37 49
48 37 4
48 37 5
48 37 4
48 37 3
48 38 3
48 39 3
39 37 48
39 37 47
39 38 47
39 39 47
38 36 61
38 37 61
37 34 73
37 35 73
30 40 53
30 39 53
30 38 53
30 37 53
30 37 54
30 37 55
30 38 55
30 39 55
49 33 52
49 33 53
49 34 53
49 35 53
39 38 47
39 37 47
30 39 54
30 39 53
49 35 54
49 35 55
49 36 55
49 37 55
39 36 47
39 35 47
39 35 48
39 35 49
39 35 50
39 35 51
39 36 51
39 37 51
39 37 50
39 37 49
30 39 52
30 39 51
39 37 50
39 37 51
30 39 50
30 39 49
39 38 51
39 39 51
30 39 48
30 39 47
30 39 46
30 39 45
30 39 44
30 39 43
30 39 42
30 39 41
30 40 41
30 41 41
48 40 3
48 41 3
48 40 3
48 39 3
48 39 4
48 39 5
50 40 1
50 39 1
50 39 2
50 39 3
50 40 3
50 41 3
50 40 3
50 39 3
49 37 54
49 37 53
38 37 60
38 37 59
32 36 79
32 37 79
41 29 98
41 29 97
41 28 97
41 27 97
40 37 98
40 37 97
40 36 97
40 35 97
31 38 97
31 37 97
45 39 98
45 39 97
31 37 98
31 37 99
40 35 96
40 35 95
40 34 95
40 33 95
45 39 96
45 39 95
43 34 93
43 35 93
43 34 93
43 33 93
45 39 94
45 39 93
41 28 97
41 29 97
47 23 94
47 23 95
47 24 95
47 25 95
35 27 92
35 27 91
35 26 91
35 25 91
46 28 91
46 27 91
46 27 92
46 27 93
43 33 92
43 33 91
43 32 91
43 31 91
45 39 92
45 39 91
41 30 97
41 31 97
47 24 95
47 23 95
47 23 96
47 23 97
35 24 91
35 23 91
35 23 92
35 23 93
43 31 90
43 31 89
43 30 89
43 29 89
44 34 89
44 33 89
44 33 90
44 33 91
42 36 89
42 35 89
42 35 90
42 35 91
45 39 90
45 39 89
43 29 88
43 29 87
43 28 87
43 27 87
45 39 88
45 39 87
45 39 86
45 39 85
36 37 82
36 37 83
32 37 80
32 37 81
38 37 60
38 37 61
49 37 54
49 37 55
39 38 51
39 37 51
39 37 50
39 37 49
49 37 54
49 37 53
49 38 53
49 39 53
38 37 60
38 37 59
38 38 59
38 39 59
32 37 80
32 37 79
32 38 79
32 39 79
36 37 82
36 37 81
36 38 81
36 39 81
45 38 85
45 37 85
45 37 84
45 37 83
41 32 97
41 33 97
47 24 97
47 25 97
34 32 81
34 31 81
34 31 82
34 31 83
45 37 82
45 37 81
45 36 81
45 35 81
36 38 81
36 37 81
42 36 91
42 37 91
45 35 82
45 35 83
36 36 81
36 35 81
45 36 83
45 37 83
36 35 82
36 35 83
32 38 79
32 37 79
45 37 82
45 37 81
43 28 87
43 29 87
32 37 78
32 37 77
32 36 77
32 35 77
45 37 80
45 37 79
42 37 90
42 37 89
44 34 91
44 35 91
43 29 88
43 29 89
43 30 89
43 31 89
34 30 83
34 29 83
34 29 84
34 29 85
32 35 76
32 35 75
32 34 75
32 33 75
45 37 78
45 37 77
36 34 83
36 33 83
36 33 84
36 33 85
32 33 76
32 33 77
32 34 77
32 35 77
37 34 73
37 33 73
45 37 76
45 37 75
42 37 88
42 37 87
43 31 90
43 31 91
36 32 85
36 31 85
36 31 86
36 31 87
37 32 73
37 31 73
37 31 74
37 31 75
39 36 49
39 35 49
39 35 48
39 35 47
45 37 74
45 37 73
37 30 75
37 29 75
37 29 76
37 29 77
38 38 59
38 37 59
38 37 58
38 37 57
38 36 57
38 35 57
38 34 57
38 33 57
38 33 58
38 33 59
38 33 60
38 33 61
38 34 61
38 35 61
49 38 53
49 37 53
49 37 54
49 37 55
49 37 54
49 37 53
49 37 52
49 37 51
39 34 47
39 33 47
39 33 48
39 33 49
49 37 50
49 37 49
39 32 49
39 31 49
39 31 50
39 31 51
38 35 60
38 35 59
32 35 76
32 35 75
44 35 90
44 35 89
31 37 98
31 37 97
31 37 96
31 37 95
31 37 94
31 37 93
31 37 92
31 37 91
44 35 90
44 35 91
31 37 90
31 37 89
44 36 91
44 37 91
42 36 87
42 35 87
31 37 88
31 37 87
42 35 88
42 35 89
31 37 86
31 37 85
31 37 84
31 37 83
31 37 82
31 37 81
31 37 80
31 37 79
31 37 78
31 37 77
32 35 76
32 35 77
31 37 76
31 37 75
32 36 77
32 37 77
45 36 73
45 35 73
31 37 74
31 37 73
45 35 74
45 35 75
31 37 72
31 37 71
31 37 70
31 37 69
31 37 68
31 37 67
31 37 66
31 37 65
31 37 64
31 37 63
31 37 62
31 37 61
38 35 60
38 35 61
31 37 60
31 37 59
38 36 61
38 37 61
31 37 58
31 37 57
31 37 56
31 37 55
31 37 54
31 37 53
31 37 52
31 37 51
49 36 49
49 35 49
31 37 50
31 37 49
49 35 50
49 35 51
31 37 48
31 37 47
31 37 46
31 37 45
31 37 44
31 37 43
31 37 42
31 37 41
31 37 40
31 37 39
31 38 39
31 39 39
49 34 51
49 33 51
49 33 52
49 33 53
38 37 60
38 37 59
49 33 54
49 33 55
49 34 55
49 35 55
48 38 5
48 37 5
48 36 5
48 35 5
48 35 6
48 35 7
50 38 3
50 37 3
50 37 4
50 37 5
48 35 6
48 35 5
49 35 54
49 35 53
45 35 74
45 35 73
35 23 92
35 23 91
35 24 91
35 25 91
47 24 97
47 23 97
47 23 96
47 23 95
41 32 97
41 31 97
41 31 98
41 31 99
47 22 95
47 21 95
47 21 96
47 21 97
33 26 95
33 25 95
33 25 96
33 25 97
40 32 95
40 31 95
40 31 96
40 31 97
46 28 93
46 29 93
46 28 93
46 27 93
46 27 94
46 27 95
43 32 91
43 33 91
35 26 91
35 27 91
35 26 91
35 25 91
35 25 92
35 25 93
43 32 91
43 31 91
43 31 92
43 31 93
44 36 91
44 35 91
44 35 92
44 35 93
42 35 90
42 35 91
42 35 90
42 35 89
42 36 89
42 37 89
42 37 88
42 37 87
36 31 88
36 31 89
36 32 89
36 33 89
42 37 86
42 37 85
34 30 85
34 31 85
34 31 84
34 31 83
34 30 83
34 29 83
42 37 84
42 37 83
42 37 82
42 37 81
43 32 93
43 33 93
36 32 89
36 31 89
36 31 90
36 31 91
42 37 80
42 37 79
37 29 76
37 29 75
32 36 77
32 35 77
42 37 78
42 37 77
32 35 78
32 35 79
37 29 74
37 29 73
42 37 76
42 37 75
32 35 78
32 35 77
34 30 83
34 31 83
37 28 73
37 27 73
45 34 73
45 33 73
45 33 74
45 33 75
42 37 74
42 37 73
32 35 76
32 35 75
45 32 75
45 31 75
45 31 76
45 31 77
42 37 72
42 37 71
49 34 53
49 33 53
49 33 52
49 33 51
42 37 70
42 37 69
32 35 74
32 35 73
34 31 84
34 31 85
34 32 85
34 33 85
45 31 78
45 31 79
45 32 79
45 33 79
42 37 68
42 37 67
45 33 78
45 33 77
34 33 84
34 33 83
43 33 92
43 33 91
44 34 93
44 33 93
44 33 94
44 33 95
43 33 92
43 33 93
43 34 93
43 35 93
34 33 84
34 33 85
34 34 85
34 35 85
45 33 78
45 33 79
45 34 79
45 35 79
32 34 73
32 33 73
32 33 74
32 33 75
42 37 66
42 37 65
32 34 75
32 35 75
42 37 64
42 37 63
42 37 62
42 37 61
38 36 59
38 35 59
42 37 60
42 37 59
38 35 58
38 35 57
38 34 57
38 33 57
42 37 58
42 37 57
38 32 57
38 31 57
38 31 58
38 31 59
42 37 56
42 37 55
38 30 59
38 29 59
38 29 60
38 29 61
42 37 54
42 37 53
39 30 51
39 29 51
39 29 52
39 29 53
49 32 51
49 31 51
49 31 52
49 31 53
42 37 52
42 37 51
49 31 54
49 31 55
49 32 55
49 33 55
42 37 50
42 37 49
49 32 55
49 31 55
49 31 56
49 31 57
42 37 48
42 37 47
42 37 46
42 37 45
49 32 57
49 33 57
39 29 54
39 29 55
39 30 55
39 31 55
42 37 44
42 37 43
42 37 42
42 37 41
42 37 40
42 37 39
49 34 57
49 35 57
39 31 56
39 31 57
39 32 57
39 33 57
42 37 38
42 37 37
39 33 56
39 33 55
32 35 74
32 35 73
32 35 72
32 35 71
32 35 70
32 35 69
32 35 68
32 35 67
32 35 66
32 35 65
32 35 64
32 35 63
32 35 62
32 35 61
32 35 60
32 35 59
49 34 57
49 33 57
32 35 58
32 35 57
49 33 58
49 33 59
39 33 56
39 33 57
32 35 56
32 35 55
39 34 57
39 35 57
32 35 54
32 35 53
32 35 52
32 35 51
32 35 50
32 35 49
32 35 48
32 35 47
32 35 46
32 35 45
32 35 44
32 35 43
32 35 42
32 35 41
32 35 40
32 35 39
32 35 38
32 35 37
42 37 36
42 37 35
32 36 37
32 37 37
42 37 34
42 37 33
42 36 33
42 35 33
42 35 32
42 35 31
42 35 30
42 35 29
42 34 29
42 33 29
42 32 29
42 31 29
42 31 30
42 31 31
42 32 31
42 33 31
42 33 30
42 33 29
42 33 30
42 33 31
42 34 31
42 35 31
42 35 30
42 35 29
42 35 28
42 35 27
48 35 6
48 35 7
50 36 5
50 35 5
50 35 4
50 35 3
48 35 6
48 35 5
48 36 5
48 37 5
50 34 3
50 33 3
50 33 2
50 33 1
48 37 4
48 37 3
50 34 1
50 35 1
50 34 1
50 33 1
48 37 2
48 37 1
48 36 1
48 35 1
50 32 1
50 31 1
48 35 2
48 35 3
48 34 3
48 33 3
48 33 2
48 33 1
49 33 58
49 33 57
47 20 97
47 19 97
47 19 98
47 19 99
33 24 97
33 23 97
33 23 98
33 23 99
40 30 97
40 29 97
41 31 98
41 31 97
40 29 98
40 29 99
41 30 97
41 29 97
44 32 95
44 31 95
44 31 96
44 31 97
43 34 93
43 33 93
46 28 95
46 29 95
35 25 92
35 25 91
35 24 91
35 23 91
36 30 91
36 29 91
36 29 92
36 29 93
43 33 92
43 33 91
43 32 91
43 31 91
44 32 97
44 33 97
41 30 97
41 31 97
43 31 90
43 31 89
43 30 89
43 29 89
43 29 88
43 29 87
43 28 87
43 27 87
46 30 95
46 31 95
35 23 92
35 23 93
35 24 93
35 25 93
43 27 86
43 27 85
43 26 85
43 25 85
34 34 85
34 33 85
43 25 86
43 25 87
43 26 87
43 27 87
34 33 84
34 33 83
34 32 83
34 31 83
34 31 84
34 31 85
34 32 85
34 33 85
34 33 84
34 33 83
45 34 79
45 33 79
34 33 82
34 33 81
43 27 88
43 27 89
43 28 89
43 29 89
45 33 78
45 33 77
45 32 77
45 31 77
34 33 80
34 33 79
35 26 93
35 27 93
45 31 76
45 31 75
45 30 75
45 29 75
49 33 58
49 33 59
42 34 27
42 33 27
42 33 26
42 33 25
39 34 57
39 33 57
39 33 56
39 33 55
49 33 58
49 33 57
49 34 57
49 35 57
46 31 94
46 31 93
41 31 96
41 31 95
44 32 97
44 31 97
44 31 98
44 31 99
41 31 96
41 31 97
41 32 97
41 33 97
46 31 94
46 31 95
46 32 95
46 33 95
34 32 79
34 31 79
34 31 80
34 31 81
34 31 80
34 31 79
34 31 80
34 31 81
34 32 81
34 33 81
34 33 80
34 33 79
38 29 60
38 29 59
38 28 59
38 27 59
49 34 57
49 33 57
49 33 58
49 33 59
39 33 56
39 33 57
39 33 56
39 33 55
39 32 55
39 31 55
49 33 58
49 33 57
39 30 55
39 29 55
39 29 56
39 29 57
49 33 56
49 33 55
38 26 59
38 25 59
38 25 60
38 25 61
49 33 54
49 33 53
38 26 61
38 27 61
49 32 53
49 31 53
49 31 54
49 31 55
38 28 61
38 29 61
34 33 78
34 33 77
46 33 94
46 33 93
41 33 96
41 33 95
33 23 98
33 23 97
33 23 96
33 23 95
33 23 94
33 23 93
33 23 92
33 23 91
33 23 90
33 23 89
33 23 88
33 23 87
33 23 86
33 23 85
33 23 84
33 23 83
33 23 82
33 23 81
33 23 80
33 23 79
33 23 78
33 23 77
33 23 76
33 23 75
33 23 74
33 23 73
33 23 72
33 23 71
33 23 70
33 23 69
33 23 68
33 23 67
33 23 66
33 23 65
33 23 64
33 23 63
33 23 62
33 23 61
33 23 60
33 23 59
33 23 58
33 23 57
33 23 56
33 23 55
33 23 54
33 23 53
33 23 52
33 23 51
33 23 50
33 23 49
33 23 48
33 23 47
33 23 46
33 23 45
33 23 44
33 23 43
33 23 42
33 23 41
33 23 40
33 23 39
33 23 38
33 23 37
33 23 36
33 23 35
33 24 35
33 25 35
33 26 35
33 27 35
33 28 35
33 29 35
33 30 35
33 31 35
33 32 35
33 33 35
33 34 35
33 35 35
42 32 25
42 31 25
42 31 24
42 31 23
42 30 23
42 29 23
42 29 24
42 29 25
42 30 25
42 31 25
42 32 25
42 33 25
50 30 1
50 29 1
48 32 1
48 31 1
48 31 2
48 31 3
48 30 3
48 29 3
48 29 4
48 29 5
50 29 2
50 29 3
50 30 3
50 31 3
50 30 3
50 29 3
49 31 54
49 31 53
47 19 98
47 19 97
47 18 97
47 17 97
40 29 98
40 29 97
40 28 97
40 27 97
44 31 98
44 31 97
44 30 97
44 29 97
44 30 97
44 31 97
40 28 97
40 29 97
47 18 97
47 19 97
47 19 96
47 19 95
47 18 95
47 17 95
40 29 96
40 29 95
40 28 95
40 27 95
44 31 96
44 31 95
44 30 95
44 29 95
41 32 95
41 31 95
41 31 96
41 31 97
35 26 93
35 25 93
40 27 94
40 27 93
35 25 94
35 25 95
40 26 93
40 25 93
36 28 93
36 27 93
44 29 94
44 29 93
36 27 94
36 27 95
44 28 93
44 27 93
46 32 93
46 31 93
46 31 94
46 31 95
44 28 93
44 29 93
40 26 93
40 27 93
40 27 92
40 27 91
40 26 91
40 25 91
44 29 92
44 29 91
44 28 91
44 27 91
44 28 91
44 29 91
40 26 91
40 27 91
40 27 90
40 27 89
40 26 89
40 25 89
43 28 89
43 27 89
44 29 90
44 29 89
43 27 90
43 27 91
44 28 89
44 27 89
36 28 95
36 29 95
43 27 92
43 27 93
43 28 93
43 29 93
44 27 90
44 27 91
44 28 91
44 29 91
34 32 77
34 31 77
34 31 78
34 31 79
34 31 78
34 31 77
37 26 73
37 25 73
37 25 74
37 25 75
45 29 74
45 29 73
45 28 73
45 27 73
34 31 76
34 31 75
37 25 76
37 25 77
37 26 77
37 27 77
45 26 73
45 25 73
45 25 74
45 25 75
34 30 75
34 29 75
34 29 76
34 29 77
40 26 89
40 27 89
37 26 77
37 25 77
37 25 78
37 25 79
45 25 76
45 25 77
45 26 77
45 27 77
38 29 62
38 29 63
39 29 58
39 29 59
49 30 53
49 29 53
49 29 52
49 29 51
39 29 58
39 29 57
39 30 57
39 31 57
38 29 62
38 29 61
38 30 61
38 31 61
37 26 79
37 27 79
38 31 62
38 31 63
38 31 62
38 31 61
38 30 61
38 29 61
34 30 77
34 31 77
37 28 79
37 29 79
45 27 78
45 27 79
38 28 61
38 27 61
38 27 62
38 27 63
49 29 52
49 29 53
48 29 6
48 29 7
50 29 4
50 29 5
50 29 4
50 29 3
50 30 3
50 31 3
48 29 6
48 29 5
48 30 5
48 31 5
49 29 52
49 29 51
49 30 51
49 31 51
39 30 57
39 29 57
39 29 56
39 29 55
38 26 63
38 25 63
38 25 64
38 25 65
39 28 55
39 27 55
39 27 56
39 27 57
49 31 52
49 31 53
49 30 53
49 29 53
49 29 54
49 29 55
49 29 54
49 29 53
34 31 76
34 31 75
34 31 74
34 31 73
34 31 72
34 31 71
34 31 70
34 31 69
34 31 68
34 31 67
34 31 66
34 31 65
34 31 64
34 31 63
34 31 62
34 31 61
34 31 60
34 31 59
34 31 58
34 31 57
34 31 56
34 31 55
49 29 54
49 29 55
34 31 54
34 31 53
49 30 55
49 31 55
34 31 52
34 31 51
34 31 50
34 31 49
34 31 48
34 31 47
34 31 46
34 31 45
34 31 44
34 31 43
34 31 42
34 31 41
34 31 40
34 31 39
34 31 38
34 31 37
34 31 36
34 31 35
34 31 34
34 31 33
34 32 33
34 33 33
42 32 25
42 31 25
42 31 24
42 31 23
42 30 23
42 29 23
42 30 23
42 31 23
42 31 22
42 31 21
42 30 21
42 29 21
42 29 22
42 29 23
42 30 23
42 31 23
42 31 22
42 31 21
42 31 20
42 31 19
42 31 18
42 31 17
48 31 6
48 31 7
48 31 6
48 31 5
48 30 5
48 29 5
50 31 4
50 31 5
50 31 4
50 31 3
50 32 3
50 33 3
50 33 2
50 33 1
50 32 1
50 31 1
50 31 2
50 31 3
50 30 3
50 29 3
50 29 2
50 29 1
48 29 4
48 29 3
37 29 78
37 29 77
47 16 95
47 15 95
47 15 94
47 15 93
41 30 97
41 29 97
41 29 98
41 29 99
35 25 96
35 25 97
36 28 95
36 27 95
36 27 96
36 27 97
46 30 95
46 29 95
46 29 96
46 29 97
43 29 94
43 29 95
44 29 92
44 29 93
44 28 93
44 27 93
43 29 94
43 29 93
44 27 94
44 27 95
43 28 93
43 27 93
46 29 96
46 29 95
36 28 97
36 29 97
35 25 98
35 25 99
44 26 95
44 25 95
44 25 96
44 25 97
43 26 93
43 25 93
43 25 94
43 25 95
46 29 94
46 29 93
36 29 96
36 29 95
44 26 97
44 27 97
40 26 89
40 25 89
40 25 90
40 25 91
46 29 92
46 29 91
36 29 94
36 29 93
44 28 97
44 29 97
45 28 79
45 29 79
37 28 77
37 27 77
37 27 76
37 27 75
45 28 79
45 27 79
45 27 78
45 27 77
45 26 77
45 25 77
39 28 57
39 29 57
45 25 76
45 25 75
45 24 75
45 23 75
37 26 75
37 25 75
37 25 76
37 25 77
37 24 77
37 23 77
37 23 78
37 23 79
45 23 76
45 23 77
45 24 77
45 25 77
46 29 90
46 29 89
36 29 92
36 29 91
39 29 58
39 29 59
48 29 4
48 29 5
50 30 1
50 31 1
48 29 4
48 29 3
48 30 3
48 31 3
42 30 17
42 29 17
42 29 16
42 29 15
49 30 55
49 29 55
49 29 54
49 29 53
39 29 58
39 29 57
39 30 57
39 31 57
38 24 65
38 23 65
38 23 66
38 23 67
45 26 77
45 27 77
39 30 57
39 29 57
39 28 57
39 27 57
39 27 58
39 27 59
39 28 59
39 29 59
49 28 53
49 27 53
49 27 54
49 27 55
39 29 58
39 29 57
39 29 56
39 29 55
39 29 54
39 29 53
38 23 68
38 23 69
39 29 52
39 29 51
49 28 55
49 29 55
39 29 50
39 29 49
39 28 49
39 27 49
39 27 50
39 27 51
49 29 54
49 29 53
46 29 88
46 29 87
36 29 90
36 29 89
44 29 96
44 29 95
35 25 98
35 25 97
43 24 95
43 23 95
35 25 96
35 25 95
43 23 96
43 23 97
35 25 94
35 25 93
40 24 91
40 23 91
35 25 92
35 25 91
40 23 92
40 23 93
35 25 90
35 25 89
35 25 88
35 25 87
35 25 86
35 25 85
35 25 84
35 25 83
35 25 82
35 25 81
37 23 80
37 23 81
35 25 80
35 25 79
37 24 81
37 25 81
35 25 78
35 25 77
35 25 76
35 25 75
35 25 74
35 25 73
35 25 72
35 25 71
38 23 70
38 23 71
35 25 70
35 25 69
38 24 71
38 25 71
35 25 68
35 25 67
35 25 66
35 25 65
35 25 64
35 25 63
35 25 62
35 25 61
35 25 60
35 25 59
35 25 58
35 25 57
35 25 56
35 25 55
35 25 54
35 25 53
35 25 52
35 25 51
35 25 50
35 25 49
35 25 48
35 25 47
35 25 46
35 25 45
35 25 44
35 25 43
35 25 42
35 25 41
35 25 40
35 25 39
35 25 38
35 25 37
35 25 36
35 25 35
35 25 34
35 25 33
35 25 32
35 25 31
35 26 31
35 27 31
35 28 31
35 29 31
35 30 31
35 31 31
49 29 52
49 29 51
42 28 15
42 27 15
42 27 16
42 27 17
42 26 17
42 25 17
42 25 18
42 25 19
48 30 3
48 29 3
48 28 3
48 27 3
50 30 1
50 29 1
50 29 2
50 29 3
50 30 3
50 31 3
48 28 3
48 29 3
48 28 3
48 27 3
48 27 4
48 27 5
50 30 3
50 29 3
48 27 4
48 27 3
39 27 50
39 27 49
45 27 76
45 27 75
43 22 97
43 21 97
43 21 98
43 21 99
41 29 98
41 29 97
40 24 93
40 25 93
44 28 95
44 27 95
41 29 96
41 29 95
44 27 96
44 27 97
40 24 93
40 23 93
40 23 94
40 23 95
41 29 94
41 29 93
40 24 95
40 25 95
41 29 92
41 29 91
44 27 96
44 27 95
47 15 94
47 15 95
47 16 95
47 17 95
36 28 89
36 27 89
41 29 90
41 29 89
36 27 88
36 27 87
36 26 87
36 25 87
46 28 87
46 27 87
41 29 88
41 29 87
46 27 88
46 27 89
41 28 87
41 27 87
41 27 86
41 27 85
46 27 88
46 27 87
44 27 94
44 27 93
40 26 95
40 27 95
47 17 96
47 17 97
41 27 84
41 27 83
41 26 83
41 25 83
45 27 76
45 27 77
45 27 76
45 27 75
45 28 75
45 29 75
45 28 75
45 27 75
45 27 74
45 27 73
45 26 73
45 25 73
46 27 86
46 27 85
38 24 71
38 23 71
45 25 72
45 25 71
38 23 72
38 23 73
45 24 71
45 23 71
37 26 81
37 27 81
38 23 74
38 23 75
38 24 75
38 25 75
45 23 72
45 23 73
45 24 73
45 25 73
45 25 72
45 25 71
38 25 74
38 25 73
38 25 74
38 25 75
38 26 75
38 27 75
45 25 72
45 25 73
45 26 73
45 27 73
45 27 72
45 27 71
38 27 74
38 27 73
49 28 51
49 27 51
39 26 49
39 25 49
49 27 50
49 27 49
39 25 50
39 25 51
49 26 49
49 25 49
49 25 48
49 25 47
49 24 47
49 23 47
49 22 47
49 21 47
49 21 48
49 21 49
39 24 51
39 23 51
39 23 52
39 23 53
45 27 70
45 27 69
38 27 72
38 27 71
37 27 80
37 27 79
46 27 84
46 27 83
36 25 86
36 25 85
41 24 83
41 23 83
36 25 84
36 25 83
41 23 84
41 23 85
36 25 82
36 25 81
36 25 80
36 25 79
36 25 78
36 25 77
36 25 76
36 25 75
36 25 74
36 25 73
36 25 72
36 25 71
36 25 70
36 25 69
36 25 68
36 25 67
36 25 66
36 25 65
36 25 64
36 25 63
36 25 62
36 25 61
36 25 60
36 25 59
36 25 58
36 25 57
36 25 56
36 25 55
39 23 54
39 23 55
36 25 54
36 25 53
39 24 55
39 25 55
36 25 52
36 25 51
36 25 50
36 25 49
36 25 48
36 25 47
36 25 46
36 25 45
36 25 44
36 25 43
36 25 42
36 25 41
36 25 40
36 25 39
36 25 38
36 25 37
36 25 36
36 25 35
36 25 34
36 25 33
36 25 32
36 25 31
36 25 30
36 25 29
36 26 29
36 27 29
36 28 29
36 29 29
42 24 19
42 23 19
42 23 20
42 23 21
42 24 21
42 25 21
48 27 4
48 27 5
48 27 4
48 27 3
48 26 3
48 25 3
50 28 3
50 27 3
48 25 4
48 25 5
50 26 3
50 25 3
48 26 5
48 27 5
50 25 4
50 25 5
50 25 4
50 25 3
42 25 20
42 25 19
39 25 54
39 25 53
47 16 97
47 15 97
47 15 98
47 15 99
43 21 98
43 21 97
43 20 97
43 19 97
40 26 95
40 25 95
40 25 96
40 25 97
44 26 93
44 25 93
44 25 94
44 25 95
44 25 94
44 25 93
41 23 86
41 23 87
41 23 86
41 23 85
41 24 85
41 25 85
41 24 85
41 23 85
39 25 54
39 25 55
39 25 54
39 25 53
39 26 53
39 27 53
45 26 69
45 25 69
45 25 68
45 25 67
38 26 71
38 25 71
38 25 70
38 25 69
37 26 79
37 25 79
37 25 78
37 25 77
46 26 83
46 25 83
46 25 82
46 25 81
46 24 81
46 23 81
46 23 82
46 23 83
37 25 78
37 25 79
37 24 79
37 23 79
37 23 80
37 23 81
37 24 81
37 25 81
46 23 82
46 23 81
41 23 84
41 23 83
41 23 84
41 23 85
41 24 85
41 25 85
46 23 82
46 23 83
37 24 81
37 23 81
46 24 83
46 25 83
37 23 82
37 23 83
46 25 82
46 25 81
37 24 83
37 25 83
46 25 80
46 25 79
37 25 82
37 25 81
41 25 84
41 25 83
44 25 92
44 25 91
46 25 78
46 25 77
37 25 80
37 25 79
41 25 82
41 25 81
38 25 70
38 25 71
45 25 68
45 25 69
45 25 68
45 25 67
45 26 67
45 27 67
38 25 70
38 25 69
38 26 69
38 27 69
45 26 67
45 25 67
38 27 68
38 27 67
46 25 76
46 25 75
45 25 66
45 25 65
45 24 65
45 23 65
38 27 66
38 27 65
45 23 64
45 23 63
45 22 63
45 21 63
38 27 64
38 27 63
45 20 63
45 19 63
45 19 64
45 19 65
38 27 62
38 27 61
45 18 65
45 17 65
45 17 66
45 17 67
38 27 60
38 27 59
45 17 68
45 17 69
38 27 58
38 27 57
39 26 53
39 25 53
39 25 52
39 25 51
38 26 57
38 25 57
38 25 56
38 25 55
39 24 51
39 23 51
39 23 52
39 23 53
38 25 54
38 25 53
45 18 69
45 19 69
49 20 49
49 19 49
49 19 50
49 19 51
39 23 52
39 23 51
38 24 53
38 23 53
38 23 54
38 23 55
39 23 52
39 23 53
39 24 53
39 25 53
39 25 52
39 25 51
49 19 52
49 19 53
49 20 53
49 21 53
38 23 54
38 23 53
38 23 54
38 23 55
38 24 55
38 25 55
39 24 51
39 23 51
39 23 52
39 23 53
38 25 54
38 25 53
49 20 53
49 19 53
49 19 54
49 19 55
42 25 20
42 25 21
42 25 20
42 25 19
42 26 19
42 27 19
39 23 52
39 23 51
37 25 78
37 25 77
46 24 75
46 23 75
37 25 76
37 25 75
46 23 76
46 23 77
37 25 74
37 25 73
37 25 72
37 25 71
37 25 70
37 25 69
37 25 68
37 25 67
37 25 66
37 25 65
37 25 64
37 25 63
37 25 62
37 25 61
37 25 60
37 25 59
37 25 58
37 25 57
37 25 56
37 25 55
38 24 53
38 23 53
37 25 54
37 25 53
38 23 54
38 23 55
39 23 52
39 23 53
37 25 52
37 25 51
39 24 53
39 25 53
37 25 50
37 25 49
37 25 48
37 25 47
37 25 46
37 25 45
37 25 44
37 25 43
37 25 42
37 25 41
37 25 40
37 25 39
37 25 38
37 25 37
37 25 36
37 25 35
37 25 34
37 25 33
37 25 32
37 25 31
37 25 30
37 25 29
37 25 28
37 25 27
37 26 27
37 27 27
42 26 19
42 25 19
42 25 20
42 25 21
42 25 20
42 25 19
42 25 18
42 25 17
42 24 17
42 23 17
42 23 18
42 23 19
48 26 5
48 25 5
50 24 3
50 23 3
48 25 4
48 25 3
50 23 4
50 23 5
48 24 3
48 23 3
50 24 5
50 25 5
48 23 2
48 23 1
48 22 1
48 21 1
42 23 18
42 23 17
38 23 54
38 23 53
46 23 76
46 23 75
47 15 98
47 15 97
47 14 97
47 13 97
43 18 97
43 17 97
43 17 98
43 17 99
40 24 97
40 23 97
40 23 98
40 23 99
44 24 91
44 23 91
44 23 90
44 23 89
44 23 90
44 23 91
44 23 90
44 23 89
44 24 89
44 25 89
44 25 88
44 25 87
44 25 86
44 25 85
44 25 84
44 25 83
41 24 81
41 23 81
44 25 82
44 25 81
41 23 82
41 23 83
46 23 76
46 23 77
46 23 76
46 23 75
46 24 75
46 25 75
44 24 81
44 23 81
44 23 80
44 23 79
41 23 82
41 23 81
44 23 78
44 23 77
44 22 77
44 21 77
41 23 80
41 23 79
44 20 77
44 19 77
44 19 78
44 19 79
46 24 75
46 23 75
41 23 78
41 23 77
44 18 79
44 17 79
44 17 80
44 17 81
46 23 74
46 23 73
46 22 73
46 21 73
41 23 76
41 23 75
46 20 73
46 19 73
46 19 74
46 19 75
46 20 75
46 21 75
45 19 70
45 19 71
41 23 74
41 23 73
44 16 81
44 15 81
44 15 82
44 15 83
45 20 71
45 21 71
45 22 71
45 23 71
38 23 54
38 23 55
39 24 53
39 23 53
39 23 52
39 23 51
38 23 54
38 23 53
38 24 53
38 25 53
49 18 55
49 17 55
49 17 56
49 17 57
49 18 57
49 19 57
38 24 53
38 23 53
38 23 54
38 23 55
39 23 52
39 23 53
39 23 52
39 23 51
39 22 51
39 21 51
38 23 54
38 23 53
45 23 70
45 23 69
41 23 72
41 23 71
49 18 57
49 17 57
49 17 58
49 17 59
39 21 50
39 21 49
39 20 49
39 19 49
39 19 50
39 19 51
38 22 53
38 21 53
38 21 54
38 21 55
39 18 51
39 17 51
39 17 52
39 17 53
38 21 54
38 21 53
38 21 52
38 21 51
38 21 50
38 21 49
38 21 48
38 21 47
38 21 46
38 21 45
38 21 44
38 21 43
38 21 42
38 21 41
38 21 40
38 21 39
38 21 38
38 21 37
38 21 36
38 21 35
38 21 34
38 21 33
38 21 32
38 21 31
38 21 30
38 21 29
38 21 28
38 21 27
38 21 26
38 21 25
38 22 25
38 23 25
38 24 25
38 25 25
42 22 17
42 21 17
42 21 18
42 21 19
42 22 19
42 23 19
42 22 19
42 21 19
42 21 20
42 21 21
42 22 21
42 23 21
42 23 20
42 23 19
42 23 18
42 23 17
50 24 5
50 23 5
42 23 16
42 23 15
50 23 4
50 23 3
50 22 3
50 21 3
48 22 1
48 23 1
50 20 3
50 19 3
50 19 2
50 19 1
48 23 2
48 23 3
48 22 3
48 21 3
48 21 2
48 21 1
46 21 74
46 21 73
47 12 97
47 11 97
47 11 98
47 11 99
43 17 98
43 17 97
43 16 97
43 15 97
40 23 98
40 23 97
43 15 96
43 15 95
43 14 95
43 13 95
40 23 96
40 23 95
43 14 95
43 15 95
43 15 94
43 15 93
43 14 93
43 13 93
40 23 94
40 23 93
47 12 99
47 13 99
43 12 93
43 11 93
43 11 94
43 11 95
40 23 92
40 23 91
40 23 90
40 23 89
40 23 88
40 23 87
40 23 86
40 23 85
46 20 73
46 19 73
46 19 72
46 19 71
40 23 84
40 23 83
40 23 82
40 23 81
40 22 81
40 21 81
40 21 80
40 21 79
44 15 84
44 15 85
44 16 85
44 17 85
46 19 72
46 19 73
46 19 72
46 19 71
46 20 71
46 21 71
40 20 79
40 19 79
40 19 80
40 19 81
46 20 71
46 19 71
41 22 71
41 21 71
46 19 72
46 19 73
41 20 71
41 19 71
46 20 73
46 21 73
41 19 72
41 19 73
45 22 69
45 21 69
45 20 69
45 19 69
45 20 69
45 21 69
41 19 72
41 19 71
46 20 73
46 19 73
46 19 74
46 19 75
41 19 72
41 19 73
41 20 73
41 21 73
45 20 69
45 19 69
45 19 70
45 19 71
41 21 72
41 21 71
46 20 75
46 21 75
45 18 71
45 17 71
45 17 72
45 17 73
49 17 60
49 17 61
49 18 61
49 19 61
42 22 15
42 21 15
42 21 14
42 21 13
49 19 60
49 19 59
49 19 60
49 19 61
49 20 61
49 21 61
39 16 53
39 15 53
39 15 54
39 15 55
49 20 61
49 19 61
49 19 62
49 19 63
39 15 56
39 15 57
39 16 57
39 17 57
39 17 56
39 17 55
39 17 54
39 17 53
39 17 52
39 17 51
39 17 50
39 17 49
39 17 48
39 17 47
39 17 46
39 17 45
39 17 44
39 17 43
39 17 42
39 17 41
39 17 40
39 17 39
39 17 38
39 17 37
39 17 36
39 17 35
39 17 34
39 17 33
39 17 32
39 17 31
39 17 30
39 17 29
39 17 28
39 17 27
39 17 26
39 17 25
39 17 24
39 17 23
39 18 23
39 19 23
39 20 23
39 21 23
39 22 23
39 23 23
42 20 13
42 19 13
42 19 14
42 19 15
42 18 15
42 17 15
42 17 16
42 17 17
42 16 17
42 15 17
42 15 18
42 15 19
50 18 1
50 17 1
48 20 1
48 19 1
48 19 2
48 19 3
48 20 3
48 21 3
48 20 3
48 19 3
48 19 4
48 19 5
48 19 4
48 19 3
49 19 62
49 19 61
40 19 80
40 19 79
43 10 95
43 9 95
43 9 94
43 9 93
47 13 98
47 13 97
47 12 97
47 11 97
44 17 86
44 17 87
40 18 79
40 17 79
40 17 78
40 17 77
44 17 86
44 17 85
44 18 85
44 19 85
44 18 85
44 17 85
44 18 85
44 19 85
44 18 85
44 17 85
44 17 86
44 17 87
40 16 77
40 15 77
44 17 86
44 17 85
44 17 86
44 17 87
44 18 87
44 19 87
46 20 75
46 19 75
44 18 87
44 17 87
44 17 88
44 17 89
46 18 75
46 17 75
46 17 76
46 17 77
45 17 74
45 17 75
40 15 78
40 15 79
46 16 77
46 15 77
40 16 79
40 17 79
46 15 78
46 15 79
45 16 75
45 15 75
45 15 76
45 15 77
41 21 70
41 21 69
40 18 79
40 19 79
46 15 80
46 15 81
45 15 78
45 15 79
45 16 79
45 17 79
41 21 68
41 21 67
41 21 66
41 21 65
41 21 64
41 21 63
49 18 61
49 17 61
49 17 62
49 17 63
41 21 62
41 21 61
49 18 63
49 19 63
49 18 63
49 17 63
49 17 64
49 17 65
41 21 60
41 21 59
41 21 58
41 21 57
41 21 56
41 21 55
41 21 54
41 21 53
41 21 52
41 21 51
49 17 64
49 17 63
49 17 64
49 17 65
49 18 65
49 19 65
41 21 50
41 21 49
41 21 48
41 21 47
49 19 64
49 19 63
41 21 46
41 21 45
41 21 44
41 21 43
41 21 42
41 21 41
41 21 40
41 21 39
41 21 38
41 21 37
41 21 36
41 21 35
41 21 34
41 21 33
41 20 33
41 19 33
41 18 33
41 17 33
41 17 34
41 17 35
41 16 35
41 15 35
41 15 36
41 15 37
40 19 78
40 19 77
45 18 79
45 19 79
40 19 76
40 19 75
40 19 74
40 19 73
40 19 72
40 19 71
40 19 70
40 19 69
40 19 68
40 19 67
40 19 66
40 19 65
49 18 63
49 17 63
40 19 64
40 19 63
49 17 64
49 17 65
40 19 62
40 19 61
40 19 60
40 19 59
40 19 58
40 19 57
40 19 56
40 19 55
40 19 54
40 19 53
40 19 52
40 19 51
40 19 50
40 19 49
40 19 48
40 19 47
40 19 46
40 19 45
40 19 44
40 19 43
40 19 42
40 19 41
40 19 40
40 19 39
40 19 38
40 19 37
40 19 36
40 19 35
40 19 34
40 19 33
40 19 32
40 19 31
40 19 30
40 19 29
40 19 28
40 19 27
40 19 26
40 19 25
40 19 24
40 19 23
40 19 22
40 19 21
40 20 21
40 21 21
42 16 19
42 17 19
42 17 18
42 17 17
42 16 17
42 15 17
48 18 3
48 17 3
48 17 4
48 17 5
48 18 5
48 19 5
50 18 1
50 19 1
50 18 1
50 17 1
48 18 5
48 17 5
48 17 6
48 17 7
50 17 2
50 17 3
50 18 3
50 19 3
50 18 3
50 17 3
50 17 2
50 17 1
48 17 6
48 17 5
49 17 64
49 17 63
44 17 88
44 17 87
47 11 96
47 11 95
47 12 95
47 13 95
47 13 94
47 13 93
43 8 93
43 7 93
47 12 93
47 11 93
47 11 94
47 11 95
44 16 87
44 15 87
44 15 88
44 15 89
46 15 82
46 15 83
46 15 82
46 15 81
46 16 81
46 17 81
44 14 89
44 13 89
44 13 90
44 13 91
46 17 80
46 17 79
46 16 79
46 15 79
45 18 79
45 17 79
46 15 78
46 15 77
46 14 77
46 13 77
45 17 78
45 17 77
45 16 77
45 15 77
46 12 77
46 11 77
46 11 78
46 11 79
45 15 76
45 15 75
45 14 75
45 13 75
47 11 96
47 11 97
44 12 91
44 11 91
44 11 92
44 11 93
46 11 80
46 11 81
46 12 81
46 13 81
45 12 75
45 11 75
45 11 76
45 11 77
46 13 82
46 13 83
46 14 83
46 15 83
46 16 83
46 17 83
45 10 77
45 9 77
45 9 78
45 9 79
49 16 63
49 15 63
49 15 62
49 15 61
45 8 79
45 7 79
45 7 80
45 7 81
49 14 61
49 13 61
49 13 62
49 13 63
49 12 63
49 11 63
49 11 64
49 11 65
49 11 66
49 11 67
49 12 67
49 13 67
49 14 67
49 15 67
41 14 37
41 13 37
41 13 38
41 13 39
41 13 40
41 13 41
41 14 41
41 15 41
41 15 40
41 15 39
41 15 38
41 15 37
41 15 36
41 15 35
41 15 34
41 15 33
41 15 32
41 15 31
41 15 30
41 15 29
41 15 28
41 15 27
41 15 26
41 15 25
41 15 24
41 15 23
41 15 22
41 15 21
41 15 20
41 15 19
42 14 17
42 13 17
41 16 19
41 17 19
41 18 19
41 19 19
42 13 18
42 13 19
42 14 19
42 15 19
42 15 18
42 15 17
42 15 18
42 15 19
42 16 19
42 17 19
42 17 18
42 17 17
48 16 5
48 15 5
48 15 6
48 15 7
48 16 7
48 17 7
48 16 7
48 15 7
48 15 8
48 15 9
48 14 9
48 13 9
48 13 10
48 13 11
50 16 1
50 15 1
50 15 2
50 15 3
50 14 3
50 13 3
50 13 2
50 13 1
49 15 66
49 15 65
44 11 92
44 11 91
44 12 91
44 13 91
47 11 96
47 11 95
47 12 95
47 13 95
47 12 95
47 11 95
47 11 96
47 11 97
44 14 91
44 15 91
44 14 91
44 13 91
44 14 91
44 15 91
44 14 91
44 13 91
44 13 92
44 13 93
47 12 97
47 13 97
46 16 83
46 15 83
46 15 84
46 15 85
49 16 65
49 17 65
49 16 65
49 15 65
49 15 64
49 15 63
49 14 63
49 13 63
49 13 62
49 13 61
49 12 61
49 11 61
49 10 61
49 9 61
49 9 62
49 9 63
49 9 64
49 9 65
49 10 65
49 11 65
42 16 17
42 15 17
42 15 16
42 15 15
42 16 15
42 17 15
42 17 16
42 17 17
48 14 11
48 15 11
48 14 11
48 13 11
48 13 12
48 13 13
48 12 13
48 11 13
48 11 14
48 11 15
48 11 16
48 11 17
48 12 17
48 13 17
50 12 1
50 11 1
50 12 1
50 13 1
50 13 2
50 13 3
50 12 3
50 11 3
48 13 16
48 13 15
44 13 92
44 13 91
47 13 96
47 13 95
47 13 96
47 13 97
47 13 96
47 13 95
47 12 95
47 11 95
47 12 95
47 13 95
47 13 94
47 13 93
47 12 93
47 11 93
47 12 93
47 13 93
44 12 91
44 11 91
47 13 92
47 13 91
44 11 92
44 11 93
47 12 91
47 11 91
44 12 93
44 13 93
44 12 93
44 11 93
44 11 94
44 11 95
47 11 92
47 11 93
47 12 93
47 13 93
44 11 94
44 11 93
44 11 94
44 11 95
47 12 93
47 11 93
44 12 95
44 13 95
47 11 94
47 11 95
44 13 94
44 13 93
47 12 95
47 13 95
43 7 94
43 7 95
43 8 95
43 9 95
46 14 85
46 13 85
46 13 84
46 13 83
46 12 83
46 11 83
44 13 92
44 13 91
43 10 95
43 11 95
46 10 83
46 9 83
46 9 84
46 9 85
48 13 16
48 13 17
50 12 3
50 13 3
49 10 65
49 9 65
49 9 64
49 9 63
49 8 63
49 7 63
49 7 64
49 7 65
49 6 65
49 5 65
49 5 66
49 5 67
48 12 17
48 11 17
48 11 18
48 11 19
44 13 90
44 13 89
43 11 94
43 11 93
43 11 92
43 11 91
43 11 90
43 11 89
43 11 88
43 11 87
46 9 86
46 9 87
43 11 86
43 11 85
46 10 87
46 11 87
43 11 84
43 11 83
43 11 82
43 11 81
43 11 80
43 11 79
43 11 78
43 11 77
43 11 76
43 11 75
43 11 74
43 11 73
43 11 72
43 11 71
43 11 70
43 11 69
43 11 68
43 11 67
43 11 66
43 11 65
43 11 64
43 11 63
43 11 62
43 11 61
43 11 60
43 11 59
43 11 58
43 11 57
43 11 56
43 11 55
43 11 54
43 11 53
43 11 52
43 11 51
43 11 50
43 11 49
43 11 48
43 11 47
43 11 46
43 11 45
43 11 44
43 11 43
43 11 42
43 11 41
43 11 40
43 11 39
43 11 38
43 11 37
43 11 36
43 11 35
43 11 34
43 11 33
43 11 32
43 11 31
43 11 30
43 11 29
43 11 28
43 11 27
43 11 26
43 11 25
43 11 24
43 11 23
43 11 22
43 11 21
48 10 19
48 9 19
43 11 20
43 11 19
48 9 20
48 9 21
43 11 18
43 11 17
43 11 16
43 11 15
43 12 15
43 13 15
43 14 15
43 15 15
50 14 3
50 15 3
50 14 3
50 13 3
50 13 4
50 13 5
50 13 4
50 13 3
50 12 3
50 11 3
50 11 2
50 11 1
50 12 1
50 13 1
48 9 20
48 9 19
47 12 95
47 11 95
47 11 96
47 11 97
46 11 88
46 11 89
46 11 88
46 11 87
44 12 89
44 11 89
46 12 87
46 13 87
44 11 88
44 11 87
44 10 87
44 9 87
44 9 86
44 9 85
46 12 87
46 11 87
46 11 88
46 11 89
46 11 88
46 11 87
44 9 84
44 9 83
44 8 83
44 7 83
45 8 81
45 9 81
44 7 82
44 7 81
44 6 81
44 5 81
45 8 81
45 7 81
45 7 82
45 7 83
46 11 86
46 11 85
45 7 84
45 7 85
45 8 85
45 9 85
46 11 84
46 11 83
45 10 85
45 11 85
44 5 82
44 5 83
49 4 67
49 3 67
49 3 68
49 3 69
49 4 69
49 5 69
48 8 19
48 7 19
48 7 20
48 7 21
48 7 22
48 7 23
48 8 23
48 9 23
44 5 82
44 5 81
44 5 80
44 5 79
44 5 78
44 5 77
44 5 76
44 5 75
44 5 74
44 5 73
44 5 72
44 5 71
49 4 69
49 3 69
44 5 70
44 5 69
49 3 70
49 3 71
44 5 68
44 5 67
44 5 66
44 5 65
44 5 64
44 5 63
44 5 62
44 5 61
44 5 60
44 5 59
44 5 58
44 5 57
44 5 56
44 5 55
44 5 54
44 5 53
44 5 52
44 5 51
44 5 50
44 5 49
44 5 48
44 5 47
44 5 46
44 5 45
44 5 44
44 5 43
44 5 42
44 5 41
44 5 40
44 5 39
44 5 38
44 5 37
44 5 36
44 5 35
44 5 34
44 5 33
44 5 32
44 5 31
44 5 30
44 5 29
44 5 28
44 5 27
44 5 26
44 5 25
44 5 24
44 5 23
44 5 22
44 5 21
44 5 20
44 5 19
44 5 18
44 5 17
44 5 16
44 5 15
44 5 14
44 5 13
44 6 13
44 7 13
44 8 13
44 9 13
44 10 13
44 11 13
44 12 13
44 13 13
50 12 1
50 11 1
50 11 2
50 11 3
50 12 3
50 13 3
50 12 3
50 11 3
47 10 97
47 9 97
47 9 98
47 9 99
46 10 83
46 9 83
45 11 84
45 11 83
46 9 82
46 9 81
46 8 81
46 7 81
45 11 82
45 11 81
45 10 81
45 9 81
49 2 71
49 1 71
49 1 72
49 1 73
48 9 24
48 9 25
48 9 24
48 9 23
48 10 23
48 11 23
48 10 23
48 9 23
48 9 22
48 9 21
48 9 20
48 9 19
48 8 19
48 7 19
48 8 19
48 9 19
48 9 18
48 9 17
48 8 17
48 7 17
48 7 18
48 7 19
48 8 19
48 9 19
45 9 80
45 9 79
46 8 81
46 9 81
45 9 78
45 9 77
45 9 76
45 9 75
45 9 74
45 9 73
45 9 72
45 9 71
45 9 70
45 9 69
45 9 68
45 9 67
45 9 66
45 9 65
45 9 64
45 9 63
45 9 62
45 9 61
45 9 60
45 9 59
45 9 58
45 9 57
45 9 56
45 9 55
45 9 54
45 9 53
45 9 52
45 9 51
45 9 50
45 9 49
45 9 48
45 9 47
45 9 46
45 9 45
45 9 44
45 9 43
45 9 42
45 9 41
45 9 40
45 9 39
45 9 38
45 9 37
45 9 36
45 9 35
45 9 34
45 9 33
45 9 32
45 9 31
45 9 30
45 9 29
45 9 28
45 9 27
45 9 26
45 9 25
45 9 24
45 9 23
45 9 22
45 9 21
48 8 19
48 7 19
45 9 20
45 9 19
48 7 20
48 7 21
45 9 18
45 9 17
45 9 16
45 9 15
45 9 14
45 9 13
45 9 12
45 9 11
45 10 11
45 11 11
50 10 3
50 9 3
50 9 2
50 9 1
50 8 1
50 7 1
50 8 1
50 9 1
50 9 2
50 9 3
50 8 3
50 7 3
50 7 2
50 7 1
48 7 20
48 7 19
47 9 98
47 9 97
47 9 96
47 9 95
47 9 94
47 9 93
47 9 92
47 9 91
47 9 90
47 9 89
47 9 88
47 9 87
47 9 86
47 9 85
47 9 84
47 9 83
46 8 81
46 7 81
47 9 82
47 9 81
46 7 80
46 7 79
46 6 79
46 5 79
47 9 80
47 9 79
46 5 80
46 5 81
47 9 78
47 9 77
46 6 81
46 7 81
47 9 76
47 9 75
46 7 80
46 7 79
49 1 74
49 1 75
47 9 74
47 9 73
47 9 72
47 9 71
47 9 70
47 9 69
47 9 68
47 9 67
47 9 66
47 9 65
49 2 75
49 3 75
47 9 64
47 9 63
47 9 62
47 9 61
47 9 60
47 9 59
47 9 58
47 9 57
47 9 56
47 9 55
47 9 54
47 9 53
47 8 53
47 7 53
47 7 52
47 7 51
47 7 50
47 7 49
47 6 49
47 5 49
47 5 50
47 5 51
47 6 51
47 7 51
47 7 50
47 7 49
48 7 20
48 7 21
50 8 1
50 9 1
48 7 20
48 7 19
48 8 19
48 9 19
48 8 19
48 7 19
48 6 19
48 5 19
48 5 20
48 5 21
48 5 20
48 5 19
46 7 78
46 7 77
46 7 76
46 7 75
46 7 74
46 7 73
46 7 72
46 7 71
46 7 70
46 7 69
46 7 68
46 7 67
46 7 66
46 7 65
46 7 64
46 7 63
46 7 62
46 7 61
46 7 60
46 7 59
46 7 58
46 7 57
46 7 56
46 7 55
46 7 54
46 7 53
46 7 52
46 7 51
47 6 49
47 5 49
46 7 50
46 7 49
47 5 50
47 5 51
46 7 48
46 7 47
46 7 46
46 7 45
46 7 44
46 7 43
46 7 42
46 7 41
46 7 40
46 7 39
46 7 38
46 7 37
46 7 36
46 7 35
46 7 34
46 7 33
46 7 32
46 7 31
46 7 30
46 7 29
46 7 28
46 7 27
46 7 26
46 7 25
46 7 24
46 7 23
46 7 22
46 7 21
48 5 20
48 5 21
46 7 20
46 7 19
48 6 21
48 7 21
46 7 18
46 7 17
46 7 16
46 7 15
46 7 14
46 7 13
46 7 12
46 7 11
46 7 10
46 7 9
46 8 9
46 9 9
50 8 1
50 7 1
50 7 2
50 7 3
50 8 3
50 9 3
50 8 3
50 7 3
47 5 50
47 5 49
49 3 76
49 3 77
47 4 49
47 3 49
47 3 48
47 3 47
49 3 76
49 3 75
49 4 75
49 5 75
49 5 76
49 5 77
49 5 78
49 5 79
47 2 47
47 1 47
47 1 46
47 1 45
49 5 80
49 5 81
49 5 80
49 5 79
49 6 79
49 7 79
49 6 79
49 5 79
47 1 44
47 1 43
47 2 43
47 3 43
47 3 44
47 3 45
47 3 44
47 3 43
47 4 43
47 5 43
49 4 79
49 3 79
49 3 80
49 3 81
47 5 44
47 5 45
47 5 46
47 5 47
50 6 3
50 5 3
50 5 2
50 5 1
48 6 21
48 5 21
48 5 20
48 5 19
47 5 46
47 5 45
47 6 45
47 7 45
48 4 19
48 3 19
48 3 18
48 3 17
48 2 17
48 1 17
48 1 16
48 1 15
47 6 45
47 5 45
47 5 44
47 5 43
47 4 43
47 3 43
47 3 42
47 3 41
48 1 14
48 1 13
48 2 13
48 3 13
47 3 40
47 3 39
47 3 40
47 3 41
47 4 41
47 5 41
48 2 13
48 1 13
48 1 12
48 1 11
48 1 10
48 1 9
48 2 9
48 3 9
48 2 9
48 1 9
47 5 40
47 5 39
47 5 38
47 5 37
47 5 36
47 5 35
47 5 34
47 5 33
47 5 32
47 5 31
47 5 30
47 5 29
47 5 28
47 5 27
47 5 26
47 5 25
47 5 24
47 5 23
47 5 22
47 5 21
47 5 20
47 5 19
47 5 18
47 5 17
47 5 16
47 5 15
47 5 14
47 5 13
47 5 12
47 5 11
47 5 10
47 5 9
47 5 8
47 5 7
47 6 7
47 7 7
50 4 1
50 3 1
50 3 2
50 3 3
50 3 2
50 3 1
50 4 1
50 5 1
48 1 8
48 1 7
49 3 82
49 3 83
49 2 83
49 1 83
49 2 83
49 3 83
48 2 7
48 3 7
48 2 7
48 1 7
48 1 6
48 1 5
48 2 5
48 3 5
48 2 5
48 1 5
48 2 5
48 3 5
48 4 5
48 5 5
50 4 1
50 3 1
50 3 2
50 3 3
50 4 3
50 5 3
50 4 3
50 3 3
49 2 83
49 1 83
49 1 82
49 1 81
49 2 81
49 3 81
49 3 82
49 3 83
49 2 83
49 1 83
49 1 82
49 1 81
49 1 82
49 1 83
49 1 82
49 1 81
49 2 81
49 3 81
49 3 82
49 3 83
49 2 83
49 1 83
49 1 82
49 1 81
49 1 80
49 1 79
49 2 79
49 3 79
49 2 79
49 1 79
49 1 78
49 1 77
49 2 77
49 3 77
49 2 77
49 1 77
49 1 76
49 1 75
49 1 74
49 1 73
49 2 73
49 3 73
49 2 73
49 1 73
49 1 72
49 1 71
49 1 72
49 1 73
49 1 72
49 1 71
49 2 71
49 3 71
49 2 71
49 1 71
49 1 70
49 1 69
49 1 68
49 1 67
49 2 67
49 3 67
49 2 67
49 1 67
49 1 66
49 1 65
49 1 64
49 1 63
49 2 63
49 3 63
49 2 63
49 1 63
49 1 62
49 1 61
49 1 60
49 1 59
49 2 59
49 3 59
49 2 59
49 1 59
49 1 58
49 1 57
49 2 57
49 3 57
49 2 57
49 1 57
49 1 56
49 1 55
49 1 54
49 1 53
49 2 53
49 3 53
49 3 54
49 3 55
49 2 55
49 1 55
49 1 54
49 1 53
49 1 54
49 1 55
49 1 54
49 1 53
49 2 53
49 3 53
49 2 53
49 1 53
49 1 52
49 1 51
49 2 51
49 3 51
49 2 51
49 1 51
49 1 50
49 1 49
49 1 48
49 1 47
49 2 47
49 3 47
49 3 48
49 3 49
49 2 49
49 1 49
49 1 48
49 1 47
49 1 46
49 1 45
49 2 45
49 3 45
49 3 46
49 3 47
49 2 47
49 1 47
49 1 48
49 1 49
49 1 48
49 1 47
49 1 46
49 1 45
49 2 45
49 3 45
49 2 45
49 1 45
49 1 44
49 1 43
49 2 43
49 3 43
49 2 43
49 1 43
49 1 42
49 1 41
49 1 40
49 1 39
49 2 39
49 3 39
49 3 40
49 3 41
49 2 41
49 1 41
49 1 40
49 1 39
49 1 40
49 1 41
49 1 40
49 1 39
49 2 39
49 3 39
49 2 39
49 1 39
49 1 38
49 1 37
49 1 38
49 1 39
49 1 38
49 1 37
49 1 36
49 1 35
49 2 35
49 3 35
49 2 35
49 1 35
49 1 34
49 1 33
49 2 33
49 3 33
49 2 33
49 1 33
49 1 32
49 1 31
49 2 31
49 3 31
49 3 32
49 3 33
49 2 33
49 1 33
49 1 32
49 1 31
50 3 4
50 3 5
50 2 5
50 1 5
50 1 4
50 1 3
49 1 30
49 1 29
49 2 29
49 3 29
49 2 29
49 1 29
49 1 28
49 1 27
49 2 27
49 3 27
49 3 28
49 3 29
49 2 29
49 1 29
49 1 28
49 1 27
49 2 27
49 3 27
49 2 27
49 1 27
49 1 26
49 1 25
49 1 24
49 1 23
49 2 23
49 3 23
49 2 23
49 1 23
49 1 22
49 1 21
49 1 20
49 1 19
49 2 19
49 3 19
49 3 20
49 3 21
49 2 21
49 1 21
49 1 20
49 1 19
49 1 20
49 1 21
49 1 20
49 1 19
49 1 18
49 1 17
49 2 17
49 3 17
49 2 17
49 1 17
49 1 16
49 1 15
49 2 15
49 3 15
49 3 16
49 3 17
49 2 17
49 1 17
49 1 16
49 1 15
49 2 15
49 3 15
49 2 15
49 1 15
49 1 14
49 1 13
49 1 12
49 1 11
49 2 11
49 3 11
49 2 11
49 1 11
49 1 10
49 1 9
49 2 9
49 3 9
49 2 9
49 1 9
49 1 8
49 1 7
49 1 8
49 1 9
50 1 4
50 1 5
50 1 4
50 1 3
50 2 3
50 3 3
49 1 8
49 1 7
49 2 7
49 3 7
49 3 8
49 3 9
50 3 4
50 3 5
50 2 5
50 1 5
50 1 4
50 1 3
49 2 9
49 1 9
49 1 8
49 1 7
49 2 7
49 3 7
50 1 4
50 1 5
50 1 4
50 1 3
50 2 3
50 3 3
49 2 7
49 1 7
49 1 6
49 1 5
49 2 5
49 3 5
50 2 3
50 1 3
50 1 2
50 1 1
49 2 5
49 1 5
50 2 1
50 3 1
49 1 4
49 1 3
1 100 100
2 98 98
3 98 96
4 94 94
5 92 92
6 90 90
7 88 88
8 86 86
9 84 84
10 82 82
11 80 80
12 78 78
13 76 76
14 74 74
15 72 72
16 70 70
17 68 68
18 66 66
19 64 64
20 62 62
21 60 60
22 58 58
23 56 56
24 54 54
25 52 52
26 50 50
27 48 48
28 46 46
29 44 44
30 42 42
31 40 40
32 38 38
33 36 36
34 34 34
35 32 32
36 30 30
37 28 28
38 26 26
39 24 24
40 22 22
41 20 20
42 18 18
43 16 16
44 14 14
45 12 12
46 10 10
47 8 8
48 6 6
49 2 3
49 3 3
50 2 1
50 1 2
50 1 3
48 5 5
47 7 7
46 9 9
45 11 11
44 13 13
43 15 15
42 17 17
41 19 19
40 21 21
39 23 23
38 25 25
37 27 27
36 29 29
35 31 31
34 33 33
33 35 35
32 37 37
31 39 39
30 41 41
29 43 43
28 45 45
27 47 47
26 49 49
25 51 51
24 53 53
23 55 55
22 57 57
21 59 59
20 61 61
19 63 63
18 65 65
17 67 67
16 69 69
15 71 71
14 73 73
13 75 75
12 77 77
11 79 79
10 81 81
9 83 83
8 85 85
7 87 87
6 89 89
5 91 91
4 93 93
3 97 95
2 97 97
1 99 99
50 1 2
50 1 1
3 96 95
3 95 95
